company_id,year,free_cash_flow,cfo_pat_ratio,cfo_quality_score,cfo_quality,capex_intensity,capex_category,fcf_conversion_rate,capital_allocation
ABB,2012-12,42.0,0.7,5.76,HIGH QUALITY,3.57,Moderate,20.79,Reinvestor
ABB,2014-03,0.0,0.0,5.76,HIGH QUALITY,0.0,Asset Light,0.0,Cash Accumulator
ABB,2015-03,-1899.0,-0.15,5.76,HIGH QUALITY,81.43,Capital Intensive,-608.65,Growth Funded by Debt
ABB,2016-03,728.0,6.05,5.76,HIGH QUALITY,31.22,Capital Intensive,199.45,Shareholder Returns
ABB,2017-03,459.0,7.9,5.76,HIGH QUALITY,59.59,Capital Intensive,115.33,Shareholder Returns
ABB,2018-03,-994.0,5.48,5.76,HIGH QUALITY,96.79,Capital Intensive,-189.33,Mixed
ABB,2019-03,-459.0,5.76,5.76,HIGH QUALITY,82.9,Capital Intensive,-75.87,Mixed
ABB,2020-03,-206.0,9.17,5.76,HIGH QUALITY,137.87,Capital Intensive,-27.21,Mixed
ABB,2021-03,-225.0,5.48,5.76,HIGH QUALITY,93.02,Capital Intensive,-24.4,Shareholder Returns
ABB,2022-03,161.0,5.13,5.76,HIGH QUALITY,80.11,Capital Intensive,14.88,Shareholder Returns
ABB,2023-03,-922.0,3.98,5.76,HIGH QUALITY,87.85,Capital Intensive,-76.45,Mixed
ABB,2024-03,1095.0,5.03,5.76,HIGH QUALITY,84.51,Capital Intensive,75.36,Shareholder Returns
ADANIENSOL,2014-03,0.0,,4.39,HIGH QUALITY,,,,Cash Accumulator
ADANIENSOL,2015-03,-1899.0,5.0,4.39,HIGH QUALITY,1422.9,Capital Intensive,-1880.2,Growth Funded by Debt
ADANIENSOL,2016-03,728.0,4.2,4.39,HIGH QUALITY,37.19,Capital Intensive,37.78,Shareholder Returns
ADANIENSOL,2017-03,459.0,5.26,4.39,HIGH QUALITY,60.15,Capital Intensive,23.15,Shareholder Returns
ADANIENSOL,2018-03,-994.0,1.92,4.39,HIGH QUALITY,80.93,Capital Intensive,-35.17,Mixed
ADANIENSOL,2019-03,-459.0,4.64,4.39,HIGH QUALITY,41.75,Capital Intensive,-16.52,Mixed
ADANIENSOL,2020-03,-206.0,7.7,4.39,HIGH QUALITY,49.43,Capital Intensive,-4.84,Mixed
ADANIENSOL,2021-03,-225.0,2.93,4.39,HIGH QUALITY,40.39,Capital Intensive,-5.7,Shareholder Returns
ADANIENSOL,2022-03,161.0,3.31,4.39,HIGH QUALITY,34.96,Capital Intensive,3.83,Shareholder Returns
ADANIENSOL,2023-03,-922.0,2.95,4.39,HIGH QUALITY,35.35,Capital Intensive,-20.41,Mixed
ADANIENSOL,2024-03,1095.0,5.05,4.39,HIGH QUALITY,29.76,Capital Intensive,19.17,Shareholder Returns
ADANIENT,2013-03,-7124.0,6.29,3.67,HIGH QUALITY,31.89,Capital Intensive,-118.32,Mixed
ADANIENT,2014-03,221.0,3.11,3.67,HIGH QUALITY,14.57,Capital Intensive,2.36,Shareholder Returns
ADANIENT,2015-03,-2933.0,3.71,3.67,HIGH QUALITY,17.78,Capital Intensive,-23.56,Mixed
ADANIENT,2016-03,3287.0,5.11,3.67,HIGH QUALITY,5.37,Moderate,195.19,Shareholder Returns
ADANIENT,2017-03,-686.0,0.84,3.67,HIGH QUALITY,4.0,Moderate,-36.07,Mixed
ADANIENT,2018-03,-4707.0,4.95,3.67,HIGH QUALITY,21.29,Capital Intensive,-230.96,Mixed
ADANIENT,2019-03,5723.0,6.4,3.67,HIGH QUALITY,6.16,Moderate,290.66,Liquidating Assets
ADANIENT,2020-03,1372.0,2.36,3.67,HIGH QUALITY,2.49,Asset Light,59.81,Shareholder Returns
ADANIENT,2021-03,-4568.0,3.87,3.67,HIGH QUALITY,21.78,Capital Intensive,-182.28,Mixed
ADANIENT,2022-03,-15656.0,1.76,3.67,HIGH QUALITY,24.55,Capital Intensive,-421.54,Mixed
ADANIENT,2023-03,2167.0,7.28,3.67,HIGH QUALITY,12.12,Capital Intensive,24.57,Shareholder Returns
ADANIENT,2024-03,-8455.0,3.09,3.67,HIGH QUALITY,19.46,Capital Intensive,-74.32,Mixed
ADANIGREEN,2017-03,-1483.0,-0.6,-0.02,ACCRUAL RISK,301.0,Capital Intensive,-367.99,Mixed
ADANIGREEN,2018-03,-3779.0,-4.7,-0.02,ACCRUAL RISK,299.19,Capital Intensive,-448.28,Mixed
ADANIGREEN,2019-03,-1041.0,-3.42,-0.02,ACCRUAL RISK,129.54,Capital Intensive,-68.22,Mixed
ADANIGREEN,2020-03,-1778.0,-28.9,-0.02,ACCRUAL RISK,146.84,Capital Intensive,-122.62,Mixed
ADANIGREEN,2021-03,-7536.0,8.8,-0.02,ACCRUAL RISK,292.48,Capital Intensive,-336.28,Mixed
ADANIGREEN,2022-03,-15603.0,6.39,-0.02,ACCRUAL RISK,364.89,Capital Intensive,-444.28,Mixed
ADANIGREEN,2023-03,3408.0,7.47,-0.02,ACCRUAL RISK,49.6,Capital Intensive,68.57,Shareholder Returns
ADANIGREEN,2024-03,-13347.0,6.12,-0.02,ACCRUAL RISK,228.42,Capital Intensive,-182.39,Mixed
ADANIPORTS,2013-03,-3757.0,0.84,1.92,HIGH QUALITY,143.58,Capital Intensive,-157.72,Mixed
ADANIPORTS,2014-03,-1378.0,0.65,1.92,HIGH QUALITY,51.97,Capital Intensive,-47.21,Mixed
ADANIPORTS,2015-03,572.0,1.32,1.92,HIGH QUALITY,40.39,Capital Intensive,14.66,Shareholder Returns
ADANIPORTS,2016-03,-1772.0,0.83,1.92,HIGH QUALITY,58.42,Capital Intensive,-38.72,Mixed
ADANIPORTS,2017-03,1434.0,1.04,1.92,HIGH QUALITY,31.15,Capital Intensive,26.47,Shareholder Returns
ADANIPORTS,2018-03,1762.0,1.52,1.92,HIGH QUALITY,33.97,Capital Intensive,24.62,Shareholder Returns
ADANIPORTS,2019-03,1661.0,1.49,1.92,HIGH QUALITY,39.98,Capital Intensive,25.18,Mixed
ADANIPORTS,2020-03,6653.0,1.96,1.92,HIGH QUALITY,6.31,Moderate,111.87,Shareholder Returns
ADANIPORTS,2021-03,-6508.0,1.5,1.92,HIGH QUALITY,112.06,Capital Intensive,-74.91,Mixed
ADANIPORTS,2022-03,4927.0,2.1,1.92,HIGH QUALITY,32.09,Capital Intensive,51.71,Shareholder Returns
ADANIPORTS,2023-03,-4816.0,2.21,1.92,HIGH QUALITY,80.16,Capital Intensive,-43.99,Shareholder Returns
ADANIPORTS,2024-03,8250.0,1.85,1.92,HIGH QUALITY,25.34,Capital Intensive,52.92,Shareholder Returns
ADANIPOWER,2013-03,-1063.0,-1.31,1.32,HIGH QUALITY,60.73,Capital Intensive,-110.73,Mixed
ADANIPOWER,2014-03,-1462.0,-11.13,1.32,HIGH QUALITY,30.66,Capital Intensive,-31.83,Mixed
ADANIPOWER,2015-03,1087.0,-7.14,1.32,HIGH QUALITY,25.35,Capital Intensive,23.24,Reinvestor
ADANIPOWER,2016-03,2565.0,9.54,1.32,HIGH QUALITY,10.61,Capital Intensive,29.14,Shareholder Returns
ADANIPOWER,2017-03,3513.0,-0.77,1.32,HIGH QUALITY,5.36,Moderate,58.75,Reinvestor
ADANIPOWER,2018-03,4581.0,-2.43,1.32,HIGH QUALITY,2.56,Asset Light,84.27,Reinvestor
ADANIPOWER,2019-03,4626.0,-5.7,1.32,HIGH QUALITY,4.12,Moderate,92.84,Reinvestor
ADANIPOWER,2020-03,3294.0,-2.46,1.32,HIGH QUALITY,8.7,Capital Intensive,57.45,Reinvestor
ADANIPOWER,2021-03,4826.0,5.52,1.32,HIGH QUALITY,8.34,Capital Intensive,55.55,Shareholder Returns
ADANIPOWER,2022-03,11007.0,2.08,1.32,HIGH QUALITY,2.79,Asset Light,111.4,Liquidating Assets
ADANIPOWER,2023-03,9976.0,0.79,1.32,HIGH QUALITY,3.98,Moderate,98.81,Liquidating Assets
ADANIPOWER,2024-03,17651.0,0.68,1.32,HIGH QUALITY,6.91,Moderate,96.83,Liquidating Assets
AMBUJACEM,2012-12,1472.0,1.44,1.22,HIGH QUALITY,3.98,Moderate,59.52,Shareholder Returns
AMBUJACEM,2013-12,771.0,0.99,1.22,HIGH QUALITY,5.41,Moderate,46.2,Reinvestor
AMBUJACEM,2014-12,1219.0,1.13,1.22,HIGH QUALITY,4.58,Moderate,63.03,Shareholder Returns
AMBUJACEM,2015-12,1474.0,1.93,1.22,HIGH QUALITY,0.88,Asset Light,95.59,Shareholder Returns
AMBUJACEM,2016-12,-1355.0,1.96,1.22,HIGH QUALITY,20.73,Capital Intensive,-42.6,Shareholder Returns
AMBUJACEM,2017-12,2678.0,1.76,1.22,HIGH QUALITY,3.13,Moderate,69.41,Shareholder Returns
AMBUJACEM,2018-12,938.0,0.57,1.22,HIGH QUALITY,2.94,Asset Light,23.39,Reinvestor
AMBUJACEM,2019-12,3548.0,1.7,1.22,HIGH QUALITY,4.39,Moderate,77.18,Shareholder Returns
AMBUJACEM,2020-12,3515.0,1.56,1.22,HIGH QUALITY,5.37,Moderate,70.22,Shareholder Returns
AMBUJACEM,2021-12,3302.0,1.43,1.22,HIGH QUALITY,6.93,Moderate,53.17,Shareholder Returns
AMBUJACEM,2023-03,-13746.0,0.24,1.22,HIGH QUALITY,37.19,Capital Intensive,-268.37,Mixed
AMBUJACEM,2024-03,-3295.0,1.19,1.22,HIGH QUALITY,26.96,Capital Intensive,-51.48,Mixed
APOLLOHOSP,2013-03,-290.0,1.46,3.49,HIGH QUALITY,19.45,Capital Intensive,-47.39,Mixed
APOLLOHOSP,2014-03,17.0,1.18,3.49,HIGH QUALITY,8.17,Capital Intensive,2.51,Shareholder Returns
APOLLOHOSP,2015-03,-289.0,1.4,3.49,HIGH QUALITY,14.8,Capital Intensive,-39.21,Mixed
APOLLOHOSP,2016-03,-291.0,2.54,3.49,HIGH QUALITY,14.44,Capital Intensive,-42.54,Mixed
APOLLOHOSP,2017-03,-529.0,4.76,3.49,HIGH QUALITY,15.88,Capital Intensive,-72.07,Mixed
APOLLOHOSP,2018-03,132.0,8.95,3.49,HIGH QUALITY,4.91,Moderate,16.48,Shareholder Returns
APOLLOHOSP,2019-03,194.0,4.53,3.49,HIGH QUALITY,7.39,Moderate,18.13,Shareholder Returns
APOLLOHOSP,2020-03,1004.0,2.99,3.49,HIGH QUALITY,2.57,Asset Light,63.1,Shareholder Returns
APOLLOHOSP,2021-03,385.0,9.23,3.49,HIGH QUALITY,8.33,Capital Intensive,33.77,Shareholder Returns
APOLLOHOSP,2022-03,949.0,1.53,3.49,HIGH QUALITY,5.09,Moderate,43.35,Shareholder Returns
APOLLOHOSP,2023-03,520.0,1.63,3.49,HIGH QUALITY,5.16,Moderate,25.18,Shareholder Returns
APOLLOHOSP,2024-03,383.0,2.05,3.49,HIGH QUALITY,8.06,Capital Intensive,16.0,Shareholder Returns
ASIANPAINT,2013-03,724.0,1.02,0.93,MODERATE,4.41,Moderate,41.68,Shareholder Returns
ASIANPAINT,2014-03,816.0,1.11,0.93,MODERATE,4.8,Moderate,40.72,Shareholder Returns
ASIANPAINT,2015-03,723.0,0.83,0.93,MODERATE,3.42,Moderate,32.23,Reinvestor
ASIANPAINT,2016-03,1377.0,1.24,0.93,MODERATE,6.07,Moderate,50.53,Shareholder Returns
ASIANPAINT,2017-03,846.0,0.76,0.93,MODERATE,4.52,Moderate,28.26,Reinvestor
ASIANPAINT,2018-03,557.0,1.01,0.93,MODERATE,9.25,Capital Intensive,17.38,Shareholder Returns
ASIANPAINT,2019-03,1552.0,1.12,0.93,MODERATE,4.77,Moderate,41.22,Shareholder Returns
ASIANPAINT,2020-03,2520.0,1.1,0.93,MODERATE,2.56,Asset Light,60.62,Shareholder Returns
ASIANPAINT,2021-03,3142.0,1.15,0.93,MODERATE,2.49,Asset Light,64.7,Shareholder Returns
ASIANPAINT,2022-03,669.0,0.32,0.93,MODERATE,1.09,Asset Light,13.93,Reinvestor
ASIANPAINT,2023-03,2911.0,1.0,0.93,MODERATE,3.72,Moderate,46.5,Reinvestor
ASIANPAINT,2024-03,3556.0,1.1,0.93,MODERATE,7.18,Moderate,46.88,Shareholder Returns
AXISBANK,2013-03,-8366.0,0.5,4.97,HIGH QUALITY,40.24,Capital Intensive,-100.64,Mixed
AXISBANK,2014-03,298.0,2.33,4.97,HIGH QUALITY,46.23,Capital Intensive,3.09,Mixed
AXISBANK,2015-03,-23134.0,-2.06,4.97,HIGH QUALITY,22.47,Capital Intensive,-207.91,Growth Funded by Debt
AXISBANK,2016-03,-25284.0,-4.19,4.97,HIGH QUALITY,22.47,Capital Intensive,-189.15,Distress Signal
AXISBANK,2017-03,19751.0,8.75,4.97,HIGH QUALITY,27.97,Capital Intensive,82.96,Shareholder Returns
AXISBANK,2018-03,-48397.0,-139.09,4.97,HIGH QUALITY,21.86,Capital Intensive,-167.49,Growth Funded by Debt
AXISBANK,2019-03,18451.0,7.94,4.97,HIGH QUALITY,33.96,Capital Intensive,67.95,Mixed
AXISBANK,2020-03,20931.0,18.69,4.97,HIGH QUALITY,15.14,Capital Intensive,59.69,Mixed
AXISBANK,2021-03,-41655.0,1.92,4.97,HIGH QUALITY,85.7,Capital Intensive,-131.2,Mixed
AXISBANK,2022-03,1025.0,2.16,4.97,HIGH QUALITY,40.24,Capital Intensive,3.42,Mixed
AXISBANK,2023-03,-10276.0,2.3,4.97,HIGH QUALITY,37.99,Capital Intensive,-35.33,Mixed
AXISBANK,2024-03,-14556.0,-0.22,4.97,HIGH QUALITY,8.23,Capital Intensive,-38.36,Growth Funded by Debt
BAJAJAUTO,2013-03,824.0,0.71,0.76,MODERATE,6.96,Moderate,22.54,Reinvestor
BAJAJAUTO,2014-03,1430.0,1.04,0.76,MODERATE,10.29,Capital Intensive,34.35,Shareholder Returns
BAJAJAUTO,2015-03,1734.0,0.7,0.76,MODERATE,1.76,Asset Light,42.01,Reinvestor
BAJAJAUTO,2016-03,3622.0,0.91,0.76,MODERATE,0.3,Asset Light,75.57,Reinvestor
BAJAJAUTO,2017-03,-343.0,0.8,0.76,MODERATE,16.59,Capital Intensive,-7.74,Reinvestor
BAJAJAUTO,2018-03,2374.0,1.03,0.76,MODERATE,7.75,Moderate,48.99,Shareholder Returns
BAJAJAUTO,2019-03,2214.0,0.5,0.76,MODERATE,0.9,Asset Light,42.59,Reinvestor
BAJAJAUTO,2020-03,5616.0,0.74,0.76,MODERATE,5.9,Moderate,109.92,Liquidating Assets
BAJAJAUTO,2021-03,251.0,0.64,0.76,MODERATE,10.34,Capital Intensive,5.08,Reinvestor
BAJAJAUTO,2022-03,4473.0,0.68,0.76,MODERATE,0.83,Asset Light,85.05,Liquidating Assets
BAJAJAUTO,2023-03,6488.0,0.87,0.76,MODERATE,3.32,Moderate,100.36,Liquidating Assets
BAJAJAUTO,2024-03,6486.0,0.85,0.76,MODERATE,0.16,Asset Light,74.0,Reinvestor
BAJAJFINSV,2013-03,-3969.0,-3.13,-2.99,ACCRUAL RISK,36.66,Capital Intensive,-100.97,Distress Signal
BAJAJFINSV,2014-03,-6043.0,-4.48,-2.99,ACCRUAL RISK,62.49,Capital Intensive,-134.56,Distress Signal
BAJAJFINSV,2015-03,-7022.0,-4.45,-2.99,ACCRUAL RISK,32.72,Capital Intensive,-127.42,Distress Signal
BAJAJFINSV,2016-03,-10681.0,-3.53,-2.99,ACCRUAL RISK,4.32,Moderate,-158.5,Growth Funded by Debt
BAJAJFINSV,2017-03,-10771.0,-3.17,-2.99,ACCRUAL RISK,0.62,Asset Light,-123.62,Distress Signal
BAJAJFINSV,2018-03,-20502.0,-4.69,-2.99,ACCRUAL RISK,2.81,Asset Light,-190.04,Growth Funded by Debt
BAJAJFINSV,2019-03,-33979.0,-5.04,-2.99,ACCRUAL RISK,16.2,Capital Intensive,-225.97,Growth Funded by Debt
BAJAJFINSV,2020-03,-33317.0,-3.9,-2.99,ACCRUAL RISK,18.3,Capital Intensive,-182.48,Growth Funded by Debt
BAJAJFINSV,2021-03,863.0,0.62,-2.99,ACCRUAL RISK,6.08,Moderate,4.39,Mixed
BAJAJFINSV,2022-03,-32225.0,-4.05,-2.99,ACCRUAL RISK,2.11,Asset Light,-150.2,Distress Signal
BAJAJFINSV,2023-03,-53425.0,-3.23,-2.99,ACCRUAL RISK,16.99,Capital Intensive,-178.87,Growth Funded by Debt
BAJAJFINSV,2024-03,-79634.0,-4.4,-2.99,ACCRUAL RISK,9.93,Capital Intensive,-194.77,Growth Funded by Debt
BAJAJHLDNG,2013-03,104.0,0.25,0.34,ACCRUAL RISK,109.5,Capital Intensive,32.3,Reinvestor
BAJAJHLDNG,2014-03,353.0,0.44,0.34,ACCRUAL RISK,122.7,Capital Intensive,88.25,Reinvestor
BAJAJHLDNG,2015-03,332.0,0.39,0.34,ACCRUAL RISK,88.55,Capital Intensive,68.6,Reinvestor
BAJAJHLDNG,2016-03,2166.0,0.51,0.34,ACCRUAL RISK,216.81,Capital Intensive,504.9,Liquidating Assets
BAJAJHLDNG,2017-03,-1295.0,-0.37,0.34,ACCRUAL RISK,44.18,Capital Intensive,-206.21,Pre-Revenue
BAJAJHLDNG,2018-03,508.0,0.61,0.34,ACCRUAL RISK,267.38,Capital Intensive,143.1,Reinvestor
BAJAJHLDNG,2019-03,465.0,0.21,0.34,ACCRUAL RISK,37.82,Capital Intensive,134.01,Reinvestor
BAJAJHLDNG,2020-03,1120.0,0.62,0.34,ACCRUAL RISK,183.91,Capital Intensive,372.09,Reinvestor
BAJAJHLDNG,2021-03,-36.0,0.07,0.34,ACCRUAL RISK,67.4,Capital Intensive,-10.23,Reinvestor
BAJAJHLDNG,2022-03,1459.0,0.39,0.34,ACCRUAL RISK,31.2,Capital Intensive,397.55,Reinvestor
BAJAJHLDNG,2023-03,1591.0,0.35,0.34,ACCRUAL RISK,26.25,Capital Intensive,418.68,Reinvestor
BAJAJHLDNG,2024-03,1469.0,0.26,0.34,ACCRUAL RISK,27.73,Capital Intensive,94.05,Reinvestor
BAJFINANCE,2015-03,-7424.0,-7.87,-3.76,ACCRUAL RISK,6.68,Moderate,-423.74,Growth Funded by Debt
BAJFINANCE,2016-03,-10557.0,-7.72,-3.76,ACCRUAL RISK,9.41,Capital Intensive,-448.47,Growth Funded by Debt
BAJFINANCE,2017-03,-13486.0,-5.69,-3.76,ACCRUAL RISK,30.56,Capital Intensive,-414.95,Growth Funded by Debt
BAJFINANCE,2018-03,-19491.0,-8.24,-3.76,ACCRUAL RISK,8.43,Capital Intensive,-473.66,Distress Signal
BAJFINANCE,2019-03,-34441.0,-7.27,-3.76,ACCRUAL RISK,29.1,Capital Intensive,-631.48,Growth Funded by Debt
BAJFINANCE,2020-03,-33170.0,-4.64,-3.76,ACCRUAL RISK,33.21,Capital Intensive,-362.16,Growth Funded by Debt
BAJFINANCE,2021-03,-1236.0,-0.18,-3.76,ACCRUAL RISK,1.61,Asset Light,-11.4,Growth Funded by Debt
BAJFINANCE,2022-03,-30743.0,-5.28,-3.76,ACCRUAL RISK,20.06,Capital Intensive,-258.78,Distress Signal
BAJFINANCE,2023-03,-52506.0,-3.66,-3.76,ACCRUAL RISK,25.1,Capital Intensive,-413.66,Growth Funded by Debt
BAJFINANCE,2024-03,-79931.0,-5.03,-3.76,ACCRUAL RISK,13.04,Capital Intensive,-496.5,Growth Funded by Debt
BANKBARODA,2013-03,22682.0,4.8,3.47,HIGH QUALITY,1.41,Asset Light,207.14,Shareholder Returns
BANKBARODA,2014-03,41503.0,8.39,3.47,HIGH QUALITY,1.8,Asset Light,344.45,Mixed
BANKBARODA,2015-03,17282.0,4.52,3.47,HIGH QUALITY,1.24,Asset Light,128.34,Shareholder Returns
BANKBARODA,2016-03,-14016.0,1.99,3.47,HIGH QUALITY,8.74,Capital Intensive,-55.2,Pre-Revenue
BANKBARODA,2017-03,17314.0,9.63,3.47,HIGH QUALITY,1.24,Asset Light,89.94,Shareholder Returns
BANKBARODA,2018-03,-60106.0,32.51,3.47,HIGH QUALITY,0.9,Asset Light,-230.35,Growth Funded by Debt
BANKBARODA,2019-03,-3986.0,-1.24,3.47,HIGH QUALITY,4.8,Moderate,-15.44,Growth Funded by Debt
BANKBARODA,2020-03,18392.0,18.89,3.47,HIGH QUALITY,0.18,Asset Light,45.32,Mixed
BANKBARODA,2021-03,-1358.0,-0.55,3.47,HIGH QUALITY,0.63,Asset Light,-3.57,Pre-Revenue
BANKBARODA,2022-03,2565.0,0.78,3.47,HIGH QUALITY,4.97,Moderate,6.84,Reinvestor
BANKBARODA,2023-03,-22450.0,-1.42,3.47,HIGH QUALITY,1.16,Asset Light,-58.72,Pre-Revenue
BANKBARODA,2024-03,-7559.0,-0.33,3.47,HIGH QUALITY,1.09,Asset Light,-17.03,Growth Funded by Debt
BEL,2013-03,214.0,-1.69,1.43,HIGH QUALITY,27.95,Capital Intensive,31.99,Other
BEL,2014-03,190.0,-0.6,1.43,HIGH QUALITY,11.64,Capital Intensive,20.54,Other
BEL,2015-03,595.0,1.2,1.43,HIGH QUALITY,11.83,Capital Intensive,50.47,Shareholder Returns
BEL,2016-03,790.0,1.69,1.43,HIGH QUALITY,19.99,Capital Intensive,56.71,Shareholder Returns
BEL,2017-03,3054.0,-0.04,1.43,HIGH QUALITY,35.99,Capital Intensive,170.42,Other
BEL,2018-03,-693.0,-0.48,1.43,HIGH QUALITY,0.06,Asset Light,-33.99,Pre-Revenue
BEL,2019-03,618.0,0.8,1.43,HIGH QUALITY,7.37,Moderate,21.24,Reinvestor
BEL,2020-03,1921.0,1.41,1.43,HIGH QUALITY,5.0,Moderate,69.63,Shareholder Returns
BEL,2021-03,2498.0,2.43,1.43,HIGH QUALITY,18.39,Capital Intensive,77.72,Shareholder Returns
BEL,2022-03,-665.0,1.75,1.43,HIGH QUALITY,31.7,Capital Intensive,-19.89,Shareholder Returns
BEL,2023-03,3907.0,0.4,1.43,HIGH QUALITY,15.27,Capital Intensive,95.53,Liquidating Assets
BEL,2024-03,-1265.0,1.17,1.43,HIGH QUALITY,29.23,Capital Intensive,-25.04,Shareholder Returns
BHARTIARTL,2013-03,3932.0,9.97,3.33,HIGH QUALITY,24.27,Capital Intensive,17.13,Shareholder Returns
BHARTIARTL,2014-03,1052.0,8.69,3.33,HIGH QUALITY,29.33,Capital Intensive,3.97,Mixed
BHARTIARTL,2015-03,5758.0,5.56,3.33,HIGH QUALITY,23.21,Capital Intensive,17.14,Shareholder Returns
BHARTIARTL,2016-03,13851.0,4.05,3.33,HIGH QUALITY,14.6,Capital Intensive,40.76,Shareholder Returns
BHARTIARTL,2017-03,-2400.0,6.67,3.33,HIGH QUALITY,32.14,Capital Intensive,-6.79,Shareholder Returns
BHARTIARTL,2018-03,1914.0,13.67,3.33,HIGH QUALITY,33.81,Capital Intensive,6.36,Mixed
BHARTIARTL,2019-03,-8216.0,11.89,3.33,HIGH QUALITY,35.02,Capital Intensive,-31.89,Mixed
BHARTIARTL,2020-03,-11469.0,-0.59,3.33,HIGH QUALITY,33.81,Capital Intensive,-31.33,Mixed
BHARTIARTL,2021-03,20919.0,-3.9,3.33,HIGH QUALITY,27.12,Capital Intensive,46.2,Reinvestor
BHARTIARTL,2022-03,13539.0,6.62,3.33,HIGH QUALITY,35.59,Capital Intensive,23.53,Shareholder Returns
BHARTIARTL,2023-03,26093.0,5.32,3.33,HIGH QUALITY,28.2,Capital Intensive,36.61,Shareholder Returns
BHARTIARTL,2024-03,27809.0,9.22,3.33,HIGH QUALITY,34.06,Capital Intensive,35.52,Shareholder Returns
BHEL,2013-03,646.0,0.26,-2.21,ACCRUAL RISK,2.28,Asset Light,6.81,Mixed
BHEL,2014-03,3644.0,1.29,-2.21,ACCRUAL RISK,2.19,Asset Light,79.58,Mixed
BHEL,2015-03,1471.0,0.57,-2.21,ACCRUAL RISK,2.08,Asset Light,68.71,Liquidating Assets
BHEL,2016-03,397.0,-0.53,-2.21,ACCRUAL RISK,0.09,Asset Light,-29.26,Liquidating Assets
BHEL,2017-03,-5.0,1.23,-2.21,ACCRUAL RISK,1.98,Asset Light,-0.46,Shareholder Returns
BHEL,2018-03,1950.0,2.26,-2.21,ACCRUAL RISK,3.33,Moderate,117.97,Liquidating Assets
BHEL,2019-03,-1941.0,-3.85,-2.21,ACCRUAL RISK,6.3,Moderate,-95.52,Other
BHEL,2020-03,-1015.0,1.97,-2.21,ACCRUAL RISK,8.75,Capital Intensive,763.16,Distress Signal
BHEL,2021-03,518.0,-0.21,-2.21,ACCRUAL RISK,0.24,Asset Light,-16.99,Reinvestor
BHEL,2022-03,-458.0,1.48,-2.21,ACCRUAL RISK,5.27,Moderate,-55.31,Shareholder Returns
BHEL,2023-03,739.0,-1.13,-2.21,ACCRUAL RISK,6.33,Moderate,70.79,Distress Signal
BHEL,2024-03,-2382.0,-13.17,-2.21,ACCRUAL RISK,5.57,Moderate,-335.02,Distress Signal
BOSCHLTD,2012-12,47.0,0.91,1.07,HIGH QUALITY,9.52,Capital Intensive,3.48,Reinvestor
BOSCHLTD,2013-12,211.0,1.19,1.07,HIGH QUALITY,9.66,Capital Intensive,16.37,Shareholder Returns
BOSCHLTD,2015-03,213.0,1.04,1.07,HIGH QUALITY,9.79,Capital Intensive,10.75,Shareholder Returns
BOSCHLTD,2016-03,323.0,0.86,1.07,HIGH QUALITY,10.26,Capital Intensive,17.2,Reinvestor
BOSCHLTD,2017-03,2703.0,0.84,1.07,HIGH QUALITY,11.94,Capital Intensive,137.7,Liquidating Assets
BOSCHLTD,2018-03,559.0,1.26,1.07,HIGH QUALITY,10.01,Capital Intensive,26.71,Shareholder Returns
BOSCHLTD,2019-03,2359.0,0.37,1.07,HIGH QUALITY,14.61,Capital Intensive,109.52,Liquidating Assets
BOSCHLTD,2020-03,463.0,2.06,1.07,HIGH QUALITY,8.87,Capital Intensive,31.22,Shareholder Returns
BOSCHLTD,2021-03,372.0,1.73,1.07,HIGH QUALITY,4.76,Moderate,31.99,Shareholder Returns
BOSCHLTD,2022-03,238.0,0.22,1.07,HIGH QUALITY,0.28,Asset Light,16.28,Reinvestor
BOSCHLTD,2023-03,1476.0,0.85,1.07,HIGH QUALITY,1.75,Asset Light,81.55,Liquidating Assets
BOSCHLTD,2024-03,1536.0,0.5,1.07,HIGH QUALITY,1.69,Asset Light,73.32,Liquidating Assets
BPCL,2013-03,2322.0,3.06,2.49,HIGH QUALITY,1.49,Asset Light,34.61,Shareholder Returns
BPCL,2014-03,2707.0,2.37,2.49,HIGH QUALITY,2.6,Asset Light,28.76,Shareholder Returns
BPCL,2015-03,10206.0,4.08,2.49,HIGH QUALITY,4.34,Moderate,104.36,Shareholder Returns
BPCL,2016-03,1886.0,1.37,2.49,HIGH QUALITY,4.92,Moderate,14.54,Shareholder Returns
BPCL,2017-03,-6233.0,0.95,2.49,HIGH QUALITY,7.59,Moderate,-45.22,Mixed
BPCL,2018-03,4002.0,1.13,2.49,HIGH QUALITY,3.0,Asset Light,26.13,Shareholder Returns
BPCL,2019-03,-294.0,1.19,2.49,HIGH QUALITY,3.5,Moderate,-1.95,Mixed
BPCL,2020-03,-3254.0,2.15,2.49,HIGH QUALITY,3.91,Moderate,-36.26,Mixed
BPCL,2021-03,20981.0,1.35,2.49,HIGH QUALITY,1.07,Asset Light,99.9,Shareholder Returns
BPCL,2022-03,12198.0,1.74,2.49,HIGH QUALITY,2.35,Asset Light,63.74,Shareholder Returns
BPCL,2023-03,4660.0,5.85,2.49,HIGH QUALITY,1.65,Asset Light,42.76,Shareholder Returns
BPCL,2024-03,25415.0,1.34,2.49,HIGH QUALITY,2.35,Asset Light,57.65,Shareholder Returns
BRITANNIA,2013-03,348.0,1.23,1.05,HIGH QUALITY,0.45,Asset Light,82.66,Liquidating Assets
BRITANNIA,2014-03,425.0,1.7,1.05,HIGH QUALITY,3.56,Moderate,67.78,Shareholder Returns
BRITANNIA,2015-03,134.0,0.85,1.05,HIGH QUALITY,5.73,Moderate,15.4,Reinvestor
BRITANNIA,2016-03,254.0,1.16,1.05,HIGH QUALITY,8.4,Capital Intensive,20.75,Shareholder Returns
BRITANNIA,2017-03,291.0,0.5,1.05,HIGH QUALITY,1.66,Asset Light,22.77,Reinvestor
BRITANNIA,2018-03,292.0,1.24,1.05,HIGH QUALITY,9.65,Capital Intensive,19.45,Shareholder Returns
BRITANNIA,2019-03,304.0,1.0,1.05,HIGH QUALITY,7.71,Moderate,17.55,Shareholder Returns
BRITANNIA,2020-03,-41.0,1.07,1.05,HIGH QUALITY,13.16,Capital Intensive,-2.22,Mixed
BRITANNIA,2021-03,2309.0,1.01,1.05,HIGH QUALITY,3.3,Moderate,92.03,Liquidating Assets
BRITANNIA,2022-03,2214.0,0.86,1.05,HIGH QUALITY,6.47,Moderate,100.59,Liquidating Assets
BRITANNIA,2023-03,1019.0,1.09,1.05,HIGH QUALITY,9.24,Capital Intensive,35.99,Shareholder Returns
BRITANNIA,2024-03,3050.0,1.21,1.05,HIGH QUALITY,2.84,Asset Light,96.31,Liquidating Assets
CANBK,2013-03,7575.0,2.67,4.07,HIGH QUALITY,1.28,Asset Light,104.96,Shareholder Returns
CANBK,2014-03,13864.0,5.33,4.07,HIGH QUALITY,0.96,Asset Light,143.88,Shareholder Returns
CANBK,2015-03,5240.0,2.16,4.07,HIGH QUALITY,2.52,Asset Light,50.86,Shareholder Returns
CANBK,2016-03,8903.0,-3.69,4.07,HIGH QUALITY,1.01,Asset Light,50.06,Reinvestor
CANBK,2017-03,2099.0,1.82,4.07,HIGH QUALITY,1.15,Asset Light,13.38,Mixed
CANBK,2018-03,-11607.0,2.87,4.07,HIGH QUALITY,1.18,Asset Light,-45.37,Growth Funded by Debt
CANBK,2019-03,17492.0,26.2,4.07,HIGH QUALITY,1.55,Asset Light,64.3,Shareholder Returns
CANBK,2020-03,-5734.0,2.75,4.07,HIGH QUALITY,0.89,Asset Light,-21.39,Growth Funded by Debt
CANBK,2021-03,58002.0,19.99,4.07,HIGH QUALITY,1.59,Asset Light,133.53,Mixed
CANBK,2022-03,-510.0,0.15,4.07,HIGH QUALITY,2.02,Asset Light,-1.24,Mixed
CANBK,2023-03,-41134.0,-3.52,4.07,HIGH QUALITY,1.35,Asset Light,-96.17,Growth Funded by Debt
CANBK,2024-03,13296.0,0.98,4.07,HIGH QUALITY,1.58,Asset Light,28.81,Reinvestor
CHOLAFIN,2013-03,-3749.0,-12.19,-6.2,ACCRUAL RISK,0.19,Asset Light,-544.91,Distress Signal
CHOLAFIN,2014-03,-2530.0,-6.65,-6.2,ACCRUAL RISK,2.53,Asset Light,-271.46,Growth Funded by Debt
CHOLAFIN,2015-03,-2304.0,-5.1,-6.2,ACCRUAL RISK,1.08,Asset Light,-217.15,Growth Funded by Debt
CHOLAFIN,2016-03,-2946.0,-4.89,-6.2,ACCRUAL RISK,3.25,Moderate,-232.7,Growth Funded by Debt
CHOLAFIN,2017-03,-1690.0,-2.04,-6.2,ACCRUAL RISK,4.73,Moderate,-127.84,Growth Funded by Debt
CHOLAFIN,2018-03,-7986.0,-8.63,-6.2,ACCRUAL RISK,1.08,Asset Light,-550.38,Growth Funded by Debt
CHOLAFIN,2019-03,-9328.0,-7.78,-6.2,ACCRUAL RISK,0.15,Asset Light,-571.57,Growth Funded by Debt
CHOLAFIN,2020-03,-2129.0,-1.97,-6.2,ACCRUAL RISK,0.62,Asset Light,-87.94,Growth Funded by Debt
CHOLAFIN,2021-03,-10594.0,-5.82,-6.2,ACCRUAL RISK,18.22,Capital Intensive,-363.68,Growth Funded by Debt
CHOLAFIN,2022-03,-3931.0,-2.59,-6.2,ACCRUAL RISK,16.16,Capital Intensive,-134.35,Distress Signal
CHOLAFIN,2023-03,-29253.0,-10.17,-6.2,ACCRUAL RISK,16.67,Capital Intensive,-807.87,Growth Funded by Debt
CHOLAFIN,2024-03,-38538.0,-10.43,-6.2,ACCRUAL RISK,14.9,Capital Intensive,-715.65,Growth Funded by Debt
CIPLA,2013-03,-665.0,0.9,1.41,HIGH QUALITY,24.92,Capital Intensive,-10.96,Mixed
CIPLA,2014-03,298.0,1.11,1.41,HIGH QUALITY,12.43,Capital Intensive,3.71,Shareholder Returns
CIPLA,2015-03,223.0,0.95,1.41,HIGH QUALITY,8.37,Capital Intensive,2.43,Mixed
CIPLA,2016-03,-2792.0,1.26,1.41,HIGH QUALITY,32.87,Capital Intensive,-24.69,Mixed
CIPLA,2017-03,1078.0,2.3,1.41,HIGH QUALITY,9.06,Capital Intensive,9.06,Shareholder Returns
CIPLA,2018-03,629.0,1.03,1.41,HIGH QUALITY,5.5,Moderate,5.1,Shareholder Returns
CIPLA,2019-03,3.0,1.13,1.41,HIGH QUALITY,10.32,Capital Intensive,0.02,Shareholder Returns
CIPLA,2020-03,3182.0,2.05,1.41,HIGH QUALITY,0.67,Asset Light,22.85,Liquidating Assets
CIPLA,2021-03,1381.0,1.57,1.41,HIGH QUALITY,12.39,Capital Intensive,9.26,Shareholder Returns
CIPLA,2022-03,1468.0,1.31,1.41,HIGH QUALITY,8.54,Capital Intensive,8.53,Shareholder Returns
CIPLA,2023-03,862.0,1.14,1.41,HIGH QUALITY,10.44,Capital Intensive,4.86,Shareholder Returns
CIPLA,2024-03,1152.0,1.0,1.41,HIGH QUALITY,11.57,Capital Intensive,5.91,Reinvestor
COALINDIA,2013-03,7276.0,0.52,1.02,HIGH QUALITY,2.68,Asset Light,14.49,Reinvestor
COALINDIA,2014-03,23105.0,0.96,1.02,HIGH QUALITY,12.15,Capital Intensive,43.72,Liquidating Assets
COALINDIA,2015-03,15276.0,1.05,1.02,HIGH QUALITY,1.21,Asset Light,26.91,Liquidating Assets
COALINDIA,2016-03,21308.0,0.92,1.02,HIGH QUALITY,10.47,Capital Intensive,36.03,Liquidating Assets
COALINDIA,2017-03,16916.0,1.77,1.02,HIGH QUALITY,0.58,Asset Light,25.74,Liquidating Assets
COALINDIA,2018-03,13368.0,3.0,1.02,HIGH QUALITY,9.09,Capital Intensive,17.6,Shareholder Returns
COALINDIA,2019-03,8460.0,0.94,1.02,HIGH QUALITY,7.93,Moderate,11.34,Reinvestor
COALINDIA,2020-03,6010.0,0.3,1.02,HIGH QUALITY,1.08,Asset Light,8.07,Liquidating Assets
COALINDIA,2021-03,10774.0,0.83,1.02,HIGH QUALITY,0.2,Asset Light,15.09,Liquidating Assets
COALINDIA,2022-03,15392.0,2.37,1.02,HIGH QUALITY,23.44,Capital Intensive,18.11,Shareholder Returns
COALINDIA,2023-03,12269.0,1.13,1.02,HIGH QUALITY,16.97,Capital Intensive,13.05,Shareholder Returns
COALINDIA,2024-03,13617.0,0.48,1.02,HIGH QUALITY,3.15,Moderate,14.43,Reinvestor
DABUR,2013-03,248.0,1.14,1.08,HIGH QUALITY,10.13,Capital Intensive,25.0,Shareholder Returns
DABUR,2014-03,994.0,1.2,1.08,HIGH QUALITY,1.47,Asset Light,85.54,Shareholder Returns
DABUR,2015-03,171.0,0.98,1.08,HIGH QUALITY,11.24,Capital Intensive,12.95,Reinvestor
DABUR,2016-03,457.0,0.95,1.08,HIGH QUALITY,9.38,Capital Intensive,30.11,Reinvestor
DABUR,2017-03,420.0,0.96,1.08,HIGH QUALITY,10.6,Capital Intensive,27.78,Reinvestor
DABUR,2018-03,551.0,0.8,1.08,HIGH QUALITY,7.01,Moderate,34.08,Reinvestor
DABUR,2019-03,1837.0,1.04,1.08,HIGH QUALITY,3.97,Moderate,105.57,Liquidating Assets
DABUR,2020-03,1097.0,1.11,1.08,HIGH QUALITY,5.95,Moderate,61.22,Shareholder Returns
DABUR,2021-03,711.0,1.25,1.08,HIGH QUALITY,14.68,Capital Intensive,35.51,Shareholder Returns
DABUR,2022-03,529.0,1.03,1.08,HIGH QUALITY,11.69,Capital Intensive,23.49,Shareholder Returns
DABUR,2023-03,905.0,0.87,1.08,HIGH QUALITY,5.06,Moderate,41.86,Reinvestor
DABUR,2024-03,1042.0,1.11,1.08,HIGH QUALITY,7.83,Moderate,43.42,Shareholder Returns
DIVISLAB,2013-03,225.0,0.8,0.93,MODERATE,11.89,Capital Intensive,27.57,Reinvestor
DIVISLAB,2014-03,252.0,0.72,0.93,MODERATE,12.05,Capital Intensive,24.75,Reinvestor
DIVISLAB,2015-03,305.0,0.97,0.93,MODERATE,16.73,Capital Intensive,26.0,Reinvestor
DIVISLAB,2016-03,632.0,0.92,0.93,MODERATE,10.75,Capital Intensive,44.41,Reinvestor
DIVISLAB,2017-03,10.0,1.08,0.93,MODERATE,28.05,Capital Intensive,0.69,Mixed
DIVISLAB,2018-03,298.0,0.88,0.93,MODERATE,12.28,Capital Intensive,23.48,Reinvestor
DIVISLAB,2019-03,269.0,0.71,0.93,MODERATE,13.85,Capital Intensive,14.35,Reinvestor
DIVISLAB,2020-03,1133.0,0.88,0.93,MODERATE,1.54,Asset Light,62.05,Reinvestor
DIVISLAB,2021-03,2022.0,0.98,0.93,MODERATE,1.08,Asset Light,70.53,Liquidating Assets
DIVISLAB,2022-03,-283.0,0.65,0.93,MODERATE,24.5,Capital Intensive,-7.28,Reinvestor
DIVISLAB,2023-03,-248.0,1.35,0.93,MODERATE,34.85,Capital Intensive,-10.46,Shareholder Returns
DIVISLAB,2024-03,992.0,0.79,0.93,MODERATE,3.43,Moderate,44.89,Reinvestor
DLF,2013-03,4004.0,3.01,0.95,MODERATE,25.67,Capital Intensive,152.07,Liquidating Assets
DLF,2014-03,5392.0,2.49,0.95,MODERATE,47.29,Capital Intensive,216.29,Liquidating Assets
DLF,2015-03,2135.0,4.02,0.95,MODERATE,1.28,Asset Light,70.84,Liquidating Assets
DLF,2016-03,2139.0,9.7,0.95,MODERATE,8.24,Capital Intensive,53.93,Shareholder Returns
DLF,2017-03,-26.0,-1.27,0.95,MODERATE,10.61,Capital Intensive,-0.75,Distress Signal
DLF,2018-03,-1832.0,0.06,0.95,MODERATE,31.34,Capital Intensive,-77.04,Reinvestor
DLF,2019-03,2046.0,1.55,0.95,MODERATE,0.04,Asset Light,95.25,Cash Accumulator
DLF,2020-03,6864.0,-0.6,0.95,MODERATE,106.99,Capital Intensive,598.95,Liquidating Assets
DLF,2021-03,1610.0,1.35,0.95,MODERATE,2.77,Asset Light,109.6,Liquidating Assets
DLF,2022-03,3099.0,1.89,0.95,MODERATE,4.67,Moderate,177.8,Liquidating Assets
DLF,2023-03,1914.0,1.17,0.95,MODERATE,8.09,Capital Intensive,110.89,Shareholder Returns
DLF,2024-03,1010.0,0.93,0.95,MODERATE,23.79,Capital Intensive,47.55,Mixed
DMART,2013-03,-104.0,1.35,1.07,HIGH QUALITY,6.91,Moderate,-48.37,Mixed
DMART,2014-03,-72.0,1.23,1.07,HIGH QUALITY,5.76,Moderate,-21.11,Mixed
DMART,2015-03,-252.0,1.05,1.07,HIGH QUALITY,7.36,Moderate,-55.26,Mixed
DMART,2016-03,-200.0,1.35,1.07,HIGH QUALITY,7.37,Moderate,-30.12,Mixed
DMART,2017-03,-2027.0,0.95,1.07,HIGH QUALITY,20.86,Capital Intensive,-209.18,Mixed
DMART,2018-03,1194.0,0.91,1.07,HIGH QUALITY,3.09,Moderate,88.25,Liquidating Assets
DMART,2019-03,-151.0,0.89,1.07,HIGH QUALITY,4.79,Moderate,-9.25,Mixed
DMART,2020-03,-3377.0,0.98,1.07,HIGH QUALITY,18.73,Capital Intensive,-158.69,Mixed
DMART,2021-03,265.0,1.25,1.07,HIGH QUALITY,4.6,Moderate,15.19,Shareholder Returns
DMART,2022-03,83.0,0.92,1.07,HIGH QUALITY,4.16,Moderate,3.32,Reinvestor
DMART,2023-03,317.0,1.11,1.07,HIGH QUALITY,5.4,Moderate,8.71,Shareholder Returns
DMART,2024-03,278.0,1.08,1.07,HIGH QUALITY,4.86,Moderate,6.77,Shareholder Returns
DRREDDY,2013-03,-59.0,0.9,1.34,HIGH QUALITY,12.14,Capital Intensive,-2.21,Reinvestor
DRREDDY,2014-03,366.0,1.0,1.34,HIGH QUALITY,11.96,Capital Intensive,11.26,Shareholder Returns
DRREDDY,2015-03,154.0,1.08,1.34,HIGH QUALITY,15.78,Capital Intensive,4.39,Shareholder Returns
DRREDDY,2016-03,1653.0,1.53,1.34,HIGH QUALITY,10.34,Capital Intensive,46.11,Shareholder Returns
DRREDDY,2017-03,254.0,1.66,1.34,HIGH QUALITY,13.31,Capital Intensive,10.28,Shareholder Returns
DRREDDY,2018-03,320.0,1.9,1.34,HIGH QUALITY,10.38,Capital Intensive,13.61,Shareholder Returns
DRREDDY,2019-03,2101.0,1.47,1.34,HIGH QUALITY,4.98,Moderate,66.11,Shareholder Returns
DRREDDY,2020-03,2489.0,1.47,1.34,HIGH QUALITY,2.83,Asset Light,100.48,Shareholder Returns
DRREDDY,2021-03,1315.0,1.83,1.34,HIGH QUALITY,11.84,Capital Intensive,33.94,Shareholder Returns
DRREDDY,2022-03,246.0,1.29,1.34,HIGH QUALITY,11.91,Capital Intensive,6.53,Shareholder Returns
DRREDDY,2023-03,1779.0,1.31,1.34,HIGH QUALITY,16.66,Capital Intensive,27.5,Shareholder Returns
DRREDDY,2024-03,509.0,0.81,1.34,HIGH QUALITY,14.4,Capital Intensive,6.42,Reinvestor
EICHERMOT,2012-12,-277.0,1.04,1.0,MODERATE,12.1,Capital Intensive,-50.36,Shareholder Returns
EICHERMOT,2013-12,-74.0,1.36,1.0,MODERATE,11.6,Capital Intensive,-10.35,Shareholder Returns
EICHERMOT,2014-12,-167.0,1.49,1.0,MODERATE,13.89,Capital Intensive,-14.94,Shareholder Returns
EICHERMOT,2016-03,462.0,1.09,1.0,MODERATE,16.22,Capital Intensive,27.34,Shareholder Returns
EICHERMOT,2017-03,-36.0,1.02,1.0,MODERATE,24.8,Capital Intensive,-1.66,Mixed
EICHERMOT,2018-03,337.0,1.27,1.0,MODERATE,23.93,Capital Intensive,12.0,Shareholder Returns
EICHERMOT,2019-03,915.0,0.71,1.0,MODERATE,6.74,Moderate,31.51,Reinvestor
EICHERMOT,2020-03,186.0,0.93,1.0,MODERATE,16.47,Capital Intensive,8.52,Reinvestor
EICHERMOT,2021-03,66.0,1.26,1.0,MODERATE,18.64,Capital Intensive,3.7,Shareholder Returns
EICHERMOT,2022-03,544.0,0.91,1.0,MODERATE,9.55,Capital Intensive,24.98,Reinvestor
EICHERMOT,2023-03,426.0,0.97,1.0,MODERATE,16.6,Capital Intensive,12.36,Reinvestor
EICHERMOT,2024-03,890.0,0.93,1.0,MODERATE,17.14,Capital Intensive,20.56,Reinvestor
GAIL,2013-03,-2023.0,1.51,0.99,MODERATE,16.92,Capital Intensive,-27.24,Mixed
GAIL,2014-03,149.0,0.96,0.99,MODERATE,7.23,Moderate,1.87,Reinvestor
GAIL,2015-03,1405.0,1.33,0.99,MODERATE,4.64,Moderate,24.95,Shareholder Returns
GAIL,2016-03,3056.0,2.11,0.99,MODERATE,1.74,Asset Light,67.37,Shareholder Returns
GAIL,2017-03,5690.0,1.79,0.99,MODERATE,0.69,Asset Light,94.5,Shareholder Returns
GAIL,2018-03,6109.0,1.82,0.99,MODERATE,4.88,Moderate,78.3,Shareholder Returns
GAIL,2019-03,2283.0,1.22,0.99,MODERATE,7.48,Moderate,22.97,Shareholder Returns
GAIL,2020-03,46.0,0.88,0.99,MODERATE,11.44,Capital Intensive,0.51,Mixed
GAIL,2021-03,4353.0,1.46,0.99,MODERATE,8.09,Capital Intensive,60.08,Shareholder Returns
GAIL,2022-03,3930.0,0.77,0.99,MODERATE,5.92,Moderate,25.92,Reinvestor
GAIL,2023-03,-4248.0,0.57,0.99,MODERATE,5.12,Moderate,-56.64,Mixed
GAIL,2024-03,4360.0,1.27,0.99,MODERATE,6.17,Moderate,30.46,Shareholder Returns
GODREJCP,2013-03,-45.0,0.97,0.13,ACCRUAL RISK,13.49,Capital Intensive,-4.52,Mixed
GODREJCP,2014-03,622.0,1.36,0.13,ACCRUAL RISK,6.5,Moderate,53.21,Shareholder Returns
GODREJCP,2015-03,-209.0,1.05,0.13,ACCRUAL RISK,14.94,Capital Intensive,-15.16,Shareholder Returns
GODREJCP,2016-03,225.0,1.02,0.13,ACCRUAL RISK,7.38,Moderate,13.58,Shareholder Returns
GODREJCP,2017-03,-383.0,1.42,0.13,ACCRUAL RISK,24.2,Capital Intensive,-20.08,Mixed
GODREJCP,2018-03,1387.0,1.05,0.13,ACCRUAL RISK,3.41,Moderate,66.55,Shareholder Returns
GODREJCP,2019-03,2003.0,0.74,0.13,ACCRUAL RISK,2.66,Asset Light,93.95,Liquidating Assets
GODREJCP,2020-03,1036.0,1.06,0.13,ACCRUAL RISK,5.57,Moderate,48.1,Shareholder Returns
GODREJCP,2021-03,1738.0,1.18,0.13,ACCRUAL RISK,2.65,Asset Light,72.45,Shareholder Returns
GODREJCP,2022-03,607.0,0.81,0.13,ACCRUAL RISK,6.88,Moderate,25.2,Reinvestor
GODREJCP,2023-03,397.0,1.26,0.13,ACCRUAL RISK,13.17,Capital Intensive,16.25,Shareholder Returns
GODREJCP,2024-03,-1365.0,-3.69,0.13,ACCRUAL RISK,24.37,Capital Intensive,-46.16,Mixed
GRASIM,2013-03,-1445.0,1.12,0.61,MODERATE,20.38,Capital Intensive,-24.39,Mixed
GRASIM,2014-03,1213.0,1.2,0.61,MODERATE,8.25,Capital Intensive,24.68,Shareholder Returns
GRASIM,2015-03,2235.0,1.78,0.61,MODERATE,7.43,Moderate,43.45,Shareholder Returns
GRASIM,2016-03,1353.0,1.7,0.61,MODERATE,13.09,Capital Intensive,22.89,Shareholder Returns
GRASIM,2017-03,3779.0,1.72,0.61,MODERATE,9.73,Capital Intensive,51.16,Shareholder Returns
GRASIM,2018-03,-2594.0,-1.12,0.61,MODERATE,2.77,Asset Light,-22.34,Distress Signal
GRASIM,2019-03,-3871.0,-0.6,0.61,MODERATE,2.87,Asset Light,-23.26,Growth Funded by Debt
GRASIM,2020-03,5256.0,2.5,0.61,MODERATE,16.65,Capital Intensive,50.67,Shareholder Returns
GRASIM,2021-03,7929.0,2.16,0.61,MODERATE,9.35,Capital Intensive,42.55,Shareholder Returns
GRASIM,2022-03,5985.0,0.63,0.61,MODERATE,1.1,Asset Light,29.29,Reinvestor
GRASIM,2023-03,-26397.0,-1.15,0.61,MODERATE,11.66,Capital Intensive,-122.27,Growth Funded by Debt
GRASIM,2024-03,-33833.0,-1.08,0.61,MODERATE,17.65,Capital Intensive,-124.41,Growth Funded by Debt
HAL,2017-03,2598.0,-0.16,1.96,HIGH QUALITY,16.83,Capital Intensive,80.28,Other
HAL,2018-03,-140.0,-0.37,1.96,HIGH QUALITY,3.21,Moderate,-4.05,Other
HAL,2019-03,-2402.0,-3.28,1.96,HIGH QUALITY,26.45,Capital Intensive,-52.57,Distress Signal
HAL,2020-03,203.0,0.54,1.96,HIGH QUALITY,6.22,Moderate,4.16,Mixed
HAL,2021-03,13934.0,4.67,1.96,HIGH QUALITY,5.2,Moderate,260.89,Shareholder Returns
HAL,2022-03,-2609.0,2.0,1.96,HIGH QUALITY,51.95,Capital Intensive,-48.14,Shareholder Returns
HAL,2023-03,3102.0,1.52,1.96,HIGH QUALITY,21.29,Capital Intensive,46.51,Shareholder Returns
HAL,2024-03,1814.0,1.08,1.96,HIGH QUALITY,21.11,Capital Intensive,18.61,Shareholder Returns
HAVELLS,2013-03,494.0,1.1,1.05,HIGH QUALITY,2.02,Asset Light,73.29,Shareholder Returns
HAVELLS,2014-03,492.0,1.95,1.05,HIGH QUALITY,4.67,Moderate,63.32,Shareholder Returns
HAVELLS,2015-03,478.0,2.5,1.05,HIGH QUALITY,5.73,Moderate,63.31,Shareholder Returns
HAVELLS,2016-03,392.0,0.39,1.05,HIGH QUALITY,1.59,Asset Light,49.25,Reinvestor
HAVELLS,2017-03,547.0,1.55,1.05,HIGH QUALITY,3.59,Moderate,67.12,Shareholder Returns
HAVELLS,2018-03,154.0,1.66,1.05,HIGH QUALITY,11.66,Capital Intensive,14.91,Shareholder Returns
HAVELLS,2019-03,686.0,0.64,1.05,HIGH QUALITY,1.84,Asset Light,57.7,Liquidating Assets
HAVELLS,2020-03,279.0,1.13,1.05,HIGH QUALITY,5.81,Moderate,26.15,Shareholder Returns
HAVELLS,2021-03,-103.0,0.63,1.05,HIGH QUALITY,7.3,Moderate,-6.48,Mixed
HAVELLS,2022-03,969.0,1.44,1.05,HIGH QUALITY,5.45,Moderate,54.59,Shareholder Returns
HAVELLS,2023-03,596.0,0.53,1.05,HIGH QUALITY,0.18,Asset Light,36.77,Liquidating Assets
HAVELLS,2024-03,335.0,1.54,1.05,HIGH QUALITY,8.7,Capital Intensive,17.81,Shareholder Returns
HCLTECH,2013-06,2131.0,1.11,1.37,HIGH QUALITY,9.23,Capital Intensive,37.52,Shareholder Returns
HCLTECH,2014-06,1615.0,0.99,1.37,HIGH QUALITY,15.06,Capital Intensive,20.1,Reinvestor
HCLTECH,2015-06,3451.0,0.75,1.37,HIGH QUALITY,5.69,Moderate,40.67,Reinvestor
HCLTECH,2016-03,1615.0,0.68,1.37,HIGH QUALITY,7.09,Moderate,24.27,Reinvestor
HCLTECH,2017-03,5105.0,1.05,1.37,HIGH QUALITY,8.18,Capital Intensive,49.13,Shareholder Returns
HCLTECH,2018-03,6092.0,0.95,1.37,HIGH QUALITY,4.42,Moderate,54.17,Reinvestor
HCLTECH,2019-03,5715.0,0.89,1.37,HIGH QUALITY,5.39,Moderate,41.04,Reinvestor
HCLTECH,2020-03,1027.0,1.21,1.37,HIGH QUALITY,17.45,Capital Intensive,5.93,Shareholder Returns
HCLTECH,2021-03,13953.0,1.76,1.37,HIGH QUALITY,7.52,Moderate,69.6,Shareholder Returns
HCLTECH,2022-03,18497.0,1.25,1.37,HIGH QUALITY,1.86,Asset Light,90.1,Liquidating Assets
HCLTECH,2023-03,14436.0,1.21,1.37,HIGH QUALITY,3.52,Moderate,63.8,Shareholder Returns
HCLTECH,2024-03,15840.0,1.43,1.37,HIGH QUALITY,6.01,Moderate,65.46,Shareholder Returns
HDFCBANK,2013-03,-6749.0,-0.85,0.23,ACCRUAL RISK,2.52,Asset Light,-53.43,Growth Funded by Debt
HDFCBANK,2014-03,3112.0,0.48,0.23,ACCRUAL RISK,2.58,Asset Light,23.04,Mixed
HDFCBANK,2015-03,-22081.0,-1.99,0.23,ACCRUAL RISK,1.58,Asset Light,-136.61,Growth Funded by Debt
HDFCBANK,2016-03,-35272.0,-2.69,0.23,ACCRUAL RISK,1.33,Asset Light,-175.88,Growth Funded by Debt
HDFCBANK,2017-03,16136.0,1.13,0.23,ACCRUAL RISK,1.56,Asset Light,67.64,Shareholder Returns
HDFCBANK,2018-03,16372.0,0.93,0.23,ACCRUAL RISK,0.99,Asset Light,55.44,Mixed
HDFCBANK,2019-03,-64375.0,-2.8,0.23,ACCRUAL RISK,1.43,Asset Light,-184.69,Growth Funded by Debt
HDFCBANK,2020-03,-18272.0,-0.62,0.23,ACCRUAL RISK,1.15,Asset Light,-40.19,Growth Funded by Debt
HDFCBANK,2021-03,40653.0,1.33,0.23,ACCRUAL RISK,1.42,Asset Light,77.5,Shareholder Returns
HDFCBANK,2022-03,-14011.0,-0.31,0.23,ACCRUAL RISK,1.51,Asset Light,-24.77,Growth Funded by Debt
HDFCBANK,2023-03,17822.0,0.45,0.23,ACCRUAL RISK,1.75,Asset Light,28.27,Mixed
HDFCBANK,2024-03,35669.0,0.29,0.23,ACCRUAL RISK,5.85,Moderate,20.48,Liquidating Assets
HDFCLIFE,2013-03,,,5.83,HIGH QUALITY,,Capital Intensive,,Pre-Revenue
HDFCLIFE,2014-03,,,5.83,HIGH QUALITY,,Capital Intensive,,Pre-Revenue
HDFCLIFE,2015-03,945.0,5.67,5.83,HIGH QUALITY,12.91,Capital Intensive,3.59,Shareholder Returns
HDFCLIFE,2016-03,1725.0,6.96,5.83,HIGH QUALITY,21.84,Capital Intensive,10.04,Shareholder Returns
HDFCLIFE,2017-03,1053.0,7.02,5.83,HIGH QUALITY,16.89,Capital Intensive,3.55,Shareholder Returns
HDFCLIFE,2018-03,2318.0,6.09,5.83,HIGH QUALITY,13.7,Capital Intensive,7.43,Shareholder Returns
HDFCLIFE,2019-03,-314.0,7.72,5.83,HIGH QUALITY,26.21,Capital Intensive,-0.83,Shareholder Returns
HDFCLIFE,2020-03,-401.0,5.7,5.83,HIGH QUALITY,26.51,Capital Intensive,-1.42,Mixed
HDFCLIFE,2021-03,751.0,7.13,5.83,HIGH QUALITY,12.52,Capital Intensive,1.07,Mixed
HDFCLIFE,2022-03,5142.0,4.48,5.83,HIGH QUALITY,1.19,Asset Light,7.75,Shareholder Returns
HDFCLIFE,2023-03,-3188.0,5.03,5.83,HIGH QUALITY,14.34,Capital Intensive,-4.55,Mixed
HDFCLIFE,2024-03,-2893.0,6.81,5.83,HIGH QUALITY,13.42,Capital Intensive,-2.87,Shareholder Returns
HEROMOTOCO,2014-03,1347.0,1.41,1.21,HIGH QUALITY,6.39,Moderate,6.2,Shareholder Returns
HEROMOTOCO,2015-03,2217.0,0.92,1.21,HIGH QUALITY,0.11,Asset Light,9.23,Liquidating Assets
HEROMOTOCO,2016-03,1422.0,1.2,1.21,HIGH QUALITY,8.08,Capital Intensive,5.92,Shareholder Returns
HEROMOTOCO,2017-03,2035.0,1.13,1.21,HIGH QUALITY,6.89,Moderate,8.47,Shareholder Returns
HEROMOTOCO,2018-03,2159.0,1.08,1.21,HIGH QUALITY,5.72,Moderate,7.96,Shareholder Returns
HEROMOTOCO,2019-03,2330.0,0.3,1.21,HIGH QUALITY,3.82,Moderate,8.05,Liquidating Assets
HEROMOTOCO,2020-03,2699.0,1.51,1.21,HIGH QUALITY,9.64,Capital Intensive,10.72,Shareholder Returns
HEROMOTOCO,2021-03,1821.0,1.4,1.21,HIGH QUALITY,7.39,Moderate,6.77,Shareholder Returns
HEROMOTOCO,2022-03,1882.0,0.9,1.21,HIGH QUALITY,0.75,Asset Light,7.16,Reinvestor
HEROMOTOCO,2023-03,2193.0,0.93,1.21,HIGH QUALITY,1.23,Asset Light,7.3,Reinvestor
HEROMOTOCO,2024-03,3095.0,1.32,1.21,HIGH QUALITY,4.84,Moderate,9.51,Shareholder Returns
HINDALCO,2013-03,-10824.0,0.99,2.77,HIGH QUALITY,17.21,Capital Intensive,-14.93,Mixed
HINDALCO,2014-03,-139.0,3.62,2.77,HIGH QUALITY,9.23,Capital Intensive,-0.17,Mixed
HINDALCO,2015-03,3270.0,27.58,2.77,HIGH QUALITY,3.71,Moderate,3.43,Shareholder Returns
HINDALCO,2016-03,8468.0,-16.65,2.77,HIGH QUALITY,3.26,Moderate,9.31,Reinvestor
HINDALCO,2017-03,9811.0,6.74,2.77,HIGH QUALITY,2.87,Asset Light,11.17,Shareholder Returns
HINDALCO,2018-03,16231.0,1.79,2.77,HIGH QUALITY,4.63,Moderate,15.99,Liquidating Assets
HINDALCO,2019-03,6521.0,2.18,2.77,HIGH QUALITY,4.18,Moderate,5.67,Shareholder Returns
HINDALCO,2020-03,5518.0,3.38,2.77,HIGH QUALITY,6.12,Moderate,5.31,Mixed
HINDALCO,2021-03,-8048.0,4.95,2.77,HIGH QUALITY,19.15,Capital Intensive,-7.03,Shareholder Returns
HINDALCO,2022-03,10065.0,1.23,2.77,HIGH QUALITY,3.47,Moderate,6.04,Shareholder Returns
HINDALCO,2023-03,11649.0,1.9,2.77,HIGH QUALITY,3.39,Moderate,5.81,Shareholder Returns
HINDALCO,2024-03,9789.0,2.37,2.77,HIGH QUALITY,6.61,Moderate,5.1,Shareholder Returns
HINDUNILVR,2013-03,3668.0,0.94,1.16,HIGH QUALITY,0.23,Asset Light,16.1,Liquidating Assets
HINDUNILVR,2014-03,3343.0,0.97,1.16,HIGH QUALITY,1.62,Asset Light,13.66,Reinvestor
HINDUNILVR,2015-03,3430.0,0.75,1.16,HIGH QUALITY,0.43,Asset Light,12.91,Liquidating Assets
HINDUNILVR,2016-03,3889.0,1.0,1.16,HIGH QUALITY,0.88,Asset Light,14.8,Shareholder Returns
HINDUNILVR,2017-03,4012.0,1.15,1.16,HIGH QUALITY,3.54,Moderate,14.95,Shareholder Returns
HINDUNILVR,2018-03,4996.0,1.16,1.16,HIGH QUALITY,2.99,Asset Light,17.81,Shareholder Returns
HINDUNILVR,2019-03,5362.0,0.96,1.16,HIGH QUALITY,1.11,Asset Light,17.62,Reinvestor
HINDUNILVR,2020-03,9414.0,1.13,1.16,HIGH QUALITY,4.5,Moderate,31.46,Liquidating Assets
HINDUNILVR,2021-03,7935.0,1.15,1.16,HIGH QUALITY,2.61,Asset Light,22.41,Shareholder Returns
HINDUNILVR,2022-03,7320.0,1.02,1.16,HIGH QUALITY,3.29,Moderate,18.49,Shareholder Returns
HINDUNILVR,2023-03,8507.0,0.99,1.16,HIGH QUALITY,2.45,Asset Light,18.32,Reinvestor
HINDUNILVR,2024-03,10145.0,1.5,1.16,HIGH QUALITY,8.6,Capital Intensive,21.48,Shareholder Returns
ICICIBANK,2013-03,-1069.0,1.73,3.87,HIGH QUALITY,41.36,Capital Intensive,-3.37,Mixed
ICICIBANK,2014-03,-8985.0,0.58,3.87,HIGH QUALITY,31.83,Capital Intensive,-27.35,Mixed
ICICIBANK,2015-03,-25448.0,-0.95,3.87,HIGH QUALITY,23.97,Capital Intensive,-65.65,Growth Funded by Debt
ICICIBANK,2016-03,11585.0,2.16,3.87,HIGH QUALITY,20.34,Capital Intensive,22.17,Mixed
ICICIBANK,2017-03,50925.0,4.64,3.87,HIGH QUALITY,2.81,Asset Light,79.77,Shareholder Returns
ICICIBANK,2018-03,-31168.0,2.13,3.87,HIGH QUALITY,81.32,Capital Intensive,-42.81,Mixed
ICICIBANK,2019-03,18389.0,8.56,3.87,HIGH QUALITY,42.07,Capital Intensive,21.95,Shareholder Returns
ICICIBANK,2020-03,37470.0,7.09,3.87,HIGH QUALITY,49.62,Capital Intensive,43.9,Mixed
ICICIBANK,2021-03,74384.0,6.78,3.87,HIGH QUALITY,71.36,Capital Intensive,81.46,Shareholder Returns
ICICIBANK,2022-03,18663.0,2.19,3.87,HIGH QUALITY,41.35,Capital Intensive,23.1,Mixed
ICICIBANK,2023-03,-71460.0,-0.11,3.87,HIGH QUALITY,55.91,Capital Intensive,-81.33,Growth Funded by Debt
ICICIBANK,2024-03,12547.0,3.41,3.87,HIGH QUALITY,90.74,Capital Intensive,12.6,Mixed
ICICIGI,2013-03,22.0,2.79,1.46,HIGH QUALITY,23.98,Capital Intensive,0.52,Mixed
ICICIGI,2014-03,-111.0,1.14,1.46,HIGH QUALITY,16.22,Capital Intensive,-2.42,Mixed
ICICIGI,2015-03,73.0,-0.17,1.46,HIGH QUALITY,4.04,Moderate,1.64,Other
ICICIGI,2016-03,201.0,1.01,1.46,HIGH QUALITY,5.14,Moderate,3.81,Shareholder Returns
ICICIGI,2017-03,-362.0,2.32,1.46,HIGH QUALITY,26.46,Capital Intensive,-5.48,Mixed
ICICIGI,2018-03,494.0,2.77,1.46,HIGH QUALITY,27.43,Capital Intensive,6.89,Shareholder Returns
ICICIGI,2019-03,120.0,2.84,1.46,HIGH QUALITY,25.58,Capital Intensive,1.26,Shareholder Returns
ICICIGI,2020-03,51.0,2.88,1.46,HIGH QUALITY,29.37,Capital Intensive,0.52,Shareholder Returns
ICICIGI,2021-03,407.0,1.2,1.46,HIGH QUALITY,11.24,Capital Intensive,4.03,Shareholder Returns
ICICIGI,2022-03,944.0,0.64,1.46,HIGH QUALITY,0.84,Asset Light,6.29,Liquidating Assets
ICICIGI,2023-03,605.0,1.32,1.46,HIGH QUALITY,9.43,Capital Intensive,3.64,Shareholder Returns
ICICIGI,2024-03,486.0,1.25,1.46,HIGH QUALITY,9.38,Capital Intensive,2.71,Shareholder Returns
ICICIPRULI,2013-03,-1077.0,-1.74,1.93,HIGH QUALITY,7.81,Moderate,-5.59,Other
ICICIPRULI,2014-03,3630.0,-1.53,1.93,HIGH QUALITY,27.47,Capital Intensive,17.81,Other
ICICIPRULI,2015-03,-1299.0,0.32,1.93,HIGH QUALITY,5.29,Moderate,-3.96,Reinvestor
ICICIPRULI,2016-03,3661.0,2.2,1.93,HIGH QUALITY,0.13,Asset Light,19.26,Liquidating Assets
ICICIPRULI,2017-03,3434.0,2.46,1.93,HIGH QUALITY,1.84,Asset Light,9.54,Shareholder Returns
ICICIPRULI,2018-03,301.0,3.51,1.93,HIGH QUALITY,13.88,Capital Intensive,0.81,Shareholder Returns
ICICIPRULI,2019-03,3818.0,9.99,1.93,HIGH QUALITY,18.23,Capital Intensive,9.33,Shareholder Returns
ICICIPRULI,2020-03,-2201.0,8.06,1.93,HIGH QUALITY,51.35,Capital Intensive,-10.31,Shareholder Returns
ICICIPRULI,2021-03,2230.0,7.65,1.93,HIGH QUALITY,6.11,Moderate,2.67,Mixed
ICICIPRULI,2022-03,1015.0,2.41,1.93,HIGH QUALITY,1.28,Asset Light,1.54,Shareholder Returns
ICICIPRULI,2023-03,-1056.0,0.11,1.93,HIGH QUALITY,2.27,Asset Light,-2.02,Reinvestor
ICICIPRULI,2024-03,105.0,-8.6,1.93,HIGH QUALITY,8.22,Capital Intensive,0.11,Other
INDIGO,2013-03,-149.0,2.21,-14.34,ACCRUAL RISK,20.54,Capital Intensive,-1.78,Mixed
INDIGO,2014-03,-1319.0,3.36,-14.34,ACCRUAL RISK,26.21,Capital Intensive,-12.35,Mixed
INDIGO,2015-03,1444.0,1.83,-14.34,ACCRUAL RISK,6.75,Moderate,12.01,Shareholder Returns
INDIGO,2016-03,1779.0,1.57,-14.34,ACCRUAL RISK,8.28,Capital Intensive,13.71,Shareholder Returns
INDIGO,2017-03,749.0,2.28,-14.34,ACCRUAL RISK,16.32,Capital Intensive,4.58,Shareholder Returns
INDIGO,2018-03,-249.0,1.74,-14.34,ACCRUAL RISK,18.04,Capital Intensive,-1.25,Mixed
INDIGO,2019-03,634.0,20.26,-14.34,ACCRUAL RISK,8.86,Capital Intensive,2.21,Shareholder Returns
INDIGO,2020-03,2370.0,-28.0,-14.34,ACCRUAL RISK,12.79,Capital Intensive,7.48,Reinvestor
INDIGO,2021-03,1608.0,0.26,-14.34,ACCRUAL RISK,22.05,Capital Intensive,10.99,Other
INDIGO,2022-03,3591.0,-6.51,-14.34,ACCRUAL RISK,5.89,Moderate,14.15,Liquidating Assets
INDIGO,2023-03,8664.0,-40.07,-14.34,ACCRUAL RISK,7.42,Moderate,18.08,Reinvestor
INDIGO,2024-03,9424.0,2.59,-14.34,ACCRUAL RISK,17.07,Capital Intensive,17.93,Shareholder Returns
INDUSINDBK,2013-03,-660.0,-0.46,2.61,HIGH QUALITY,2.49,Asset Light,-33.9,Growth Funded by Debt
INDUSINDBK,2014-03,-4280.0,-2.92,2.61,HIGH QUALITY,2.11,Asset Light,-167.51,Growth Funded by Debt
INDUSINDBK,2015-03,-1697.0,-0.79,2.61,HIGH QUALITY,2.85,Asset Light,-54.17,Growth Funded by Debt
INDUSINDBK,2016-03,-3185.0,-1.28,2.61,HIGH QUALITY,2.17,Asset Light,-76.05,Growth Funded by Debt
INDUSINDBK,2017-03,11284.0,4.03,2.61,HIGH QUALITY,1.98,Asset Light,198.52,Shareholder Returns
INDUSINDBK,2018-03,-20917.0,-5.74,2.61,HIGH QUALITY,1.26,Asset Light,-319.1,Growth Funded by Debt
INDUSINDBK,2019-03,-7022.0,-1.94,2.61,HIGH QUALITY,2.84,Asset Light,-75.64,Growth Funded by Debt
INDUSINDBK,2020-03,-11513.0,-2.72,2.61,HIGH QUALITY,1.83,Asset Light,-91.29,Distress Signal
INDUSINDBK,2021-03,44420.0,15.74,2.61,HIGH QUALITY,0.78,Asset Light,277.68,Shareholder Returns
INDUSINDBK,2022-03,16249.0,3.6,2.61,HIGH QUALITY,1.14,Asset Light,102.58,Shareholder Returns
INDUSINDBK,2023-03,-12879.0,-1.68,2.61,HIGH QUALITY,1.21,Asset Light,-82.96,Growth Funded by Debt
INDUSINDBK,2024-03,-17468.0,-1.88,2.61,HIGH QUALITY,1.37,Asset Light,-99.04,Pre-Revenue
INFY,2013-03,4451.0,0.78,1.04,HIGH QUALITY,7.24,Moderate,38.58,Reinvestor
INFY,2014-03,7262.0,0.92,1.04,HIGH QUALITY,5.11,Moderate,54.23,Reinvestor
INFY,2015-03,9352.0,0.68,1.04,HIGH QUALITY,1.87,Asset Light,62.84,Liquidating Assets
INFY,2016-03,9143.0,0.74,1.04,HIGH QUALITY,1.42,Asset Light,53.53,Reinvestor
INFY,2017-03,-3133.0,0.8,1.04,HIGH QUALITY,21.41,Capital Intensive,-16.84,Reinvestor
INFY,2018-03,17751.0,0.82,1.04,HIGH QUALITY,6.43,Moderate,94.31,Liquidating Assets
INFY,2019-03,14209.0,0.96,1.04,HIGH QUALITY,0.76,Asset Light,70.45,Reinvestor
INFY,2020-03,16672.0,1.02,1.04,HIGH QUALITY,0.36,Asset Light,74.87,Shareholder Returns
INFY,2021-03,15851.0,1.2,1.04,HIGH QUALITY,7.34,Moderate,56.84,Shareholder Returns
INFY,2022-03,17400.0,1.08,1.04,HIGH QUALITY,5.33,Moderate,55.25,Shareholder Returns
INFY,2023-03,21396.0,0.93,1.04,HIGH QUALITY,0.73,Asset Light,60.91,Reinvestor
INFY,2024-03,20117.0,0.96,1.04,HIGH QUALITY,3.31,Moderate,55.23,Reinvestor
IOC,2013-03,46.0,2.58,0.73,MODERATE,2.01,Asset Light,0.33,Mixed
IOC,2014-03,5601.0,3.47,0.73,MODERATE,3.81,Moderate,32.52,Shareholder Returns
IOC,2015-03,35877.0,9.46,0.73,MODERATE,2.27,Asset Light,339.26,Shareholder Returns
IOC,2016-03,12014.0,2.06,0.73,MODERATE,3.93,Moderate,54.51,Shareholder Returns
IOC,2017-03,10532.0,1.38,0.73,MODERATE,4.98,Moderate,30.84,Shareholder Returns
IOC,2018-03,11996.0,1.29,0.73,MODERATE,4.06,Moderate,28.8,Shareholder Returns
IOC,2019-03,-9822.0,0.74,0.73,MODERATE,4.27,Moderate,-27.85,Mixed
IOC,2020-03,-21955.0,-3.81,0.73,MODERATE,6.02,Moderate,-136.77,Mixed
IOC,2021-03,26715.0,2.28,0.73,MODERATE,6.3,Moderate,66.91,Shareholder Returns
IOC,2022-03,4453.0,1.0,0.73,MODERATE,3.61,Moderate,9.32,Shareholder Returns
IOC,2023-03,1614.0,2.53,0.73,MODERATE,3.33,Moderate,5.26,Shareholder Returns
IOC,2024-03,39635.0,1.65,0.73,MODERATE,4.05,Moderate,52.4,Shareholder Returns
IRCTC,2015-03,23.0,0.53,0.9,MODERATE,4.34,Moderate,15.13,Reinvestor
IRCTC,2016-03,295.0,1.52,0.9,MODERATE,0.51,Asset Light,155.26,Liquidating Assets
IRCTC,2017-03,432.0,1.48,0.9,MODERATE,6.18,Moderate,137.58,Liquidating Assets
IRCTC,2018-03,64.0,0.11,0.9,MODERATE,2.73,Asset Light,23.36,Liquidating Assets
IRCTC,2019-03,146.0,1.61,0.9,MODERATE,18.88,Capital Intensive,38.12,Shareholder Returns
IRCTC,2020-03,417.0,0.8,0.9,MODERATE,0.35,Asset Light,59.32,Liquidating Assets
IRCTC,2021-03,-205.0,1.33,0.9,MODERATE,58.3,Capital Intensive,-109.04,Shareholder Returns
IRCTC,2022-03,282.0,0.79,0.9,MODERATE,12.88,Capital Intensive,32.27,Reinvestor
IRCTC,2023-03,495.0,0.81,0.9,MODERATE,8.95,Capital Intensive,38.79,Reinvestor
IRCTC,2024-03,667.0,0.79,0.9,MODERATE,5.04,Moderate,45.5,Reinvestor
IRFC,2016-03,-16376.0,-19.29,-10.8,ACCRUAL RISK,0.03,Asset Light,-219.28,Distress Signal
IRFC,2017-03,-19453.0,-20.83,-10.8,ACCRUAL RISK,0.02,Asset Light,-215.64,Distress Signal
IRFC,2018-03,-28074.0,-13.66,-10.8,ACCRUAL RISK,0.02,Asset Light,-304.19,Distress Signal
IRFC,2019-03,-41747.0,-18.51,-10.8,ACCRUAL RISK,0.01,Asset Light,-376.61,Distress Signal
IRFC,2020-03,-62700.0,-19.64,-10.8,ACCRUAL RISK,0.01,Asset Light,-469.49,Distress Signal
IRFC,2021-03,-89907.0,-20.36,-10.8,ACCRUAL RISK,0.0,Asset Light,-574.23,Distress Signal
IRFC,2022-03,-64417.0,-10.58,-10.8,ACCRUAL RISK,0.02,Asset Light,-319.26,Growth Funded by Debt
IRFC,2023-03,-28588.0,-4.64,-10.8,ACCRUAL RISK,0.0,Asset Light,-121.2,Distress Signal
IRFC,2024-03,7906.0,1.23,-10.8,ACCRUAL RISK,0.03,Asset Light,29.82,Shareholder Returns
ITC,2013-03,3221.0,0.92,0.94,MODERATE,12.27,Capital Intensive,28.71,Reinvestor
ITC,2014-03,4090.0,0.82,0.94,MODERATE,9.22,Capital Intensive,31.27,Reinvestor
ITC,2015-03,4568.0,1.01,0.94,MODERATE,13.59,Capital Intensive,32.05,Shareholder Returns
ITC,2016-03,5878.0,1.03,0.94,MODERATE,10.0,Capital Intensive,40.45,Shareholder Returns
ITC,2017-03,7376.0,1.01,0.94,MODERATE,7.6,Moderate,47.68,Shareholder Returns
ITC,2018-03,6055.0,1.15,0.94,MODERATE,16.37,Capital Intensive,36.65,Shareholder Returns
ITC,2019-03,7037.0,0.98,0.94,MODERATE,11.47,Capital Intensive,37.96,Reinvestor
ITC,2020-03,8516.0,0.94,0.94,MODERATE,12.5,Capital Intensive,44.02,Reinvestor
ITC,2021-03,18267.0,0.94,0.94,MODERATE,11.65,Capital Intensive,107.04,Liquidating Assets
ITC,2022-03,13538.0,1.02,0.94,MODERATE,3.69,Moderate,65.65,Shareholder Returns
ITC,2023-03,13146.0,0.97,0.94,MODERATE,8.08,Capital Intensive,51.14,Reinvestor
ITC,2024-03,18742.0,0.83,0.94,MODERATE,2.21,Asset Light,71.44,Liquidating Assets
JINDALSTEL,2013-03,-6069.0,1.19,-2.8,ACCRUAL RISK,48.42,Capital Intensive,-99.39,Mixed
JINDALSTEL,2014-03,-8114.0,2.42,-2.8,ACCRUAL RISK,65.82,Capital Intensive,-139.92,Mixed
JINDALSTEL,2015-03,-5535.0,-0.81,-2.8,ACCRUAL RISK,34.62,Capital Intensive,-101.3,Mixed
JINDALSTEL,2016-03,2071.0,-1.4,-2.8,ACCRUAL RISK,11.62,Capital Intensive,60.26,Reinvestor
JINDALSTEL,2017-03,4852.0,-2.7,-2.8,ACCRUAL RISK,9.25,Capital Intensive,103.04,Reinvestor
JINDALSTEL,2018-03,6293.0,-4.78,-2.8,ACCRUAL RISK,4.3,Moderate,97.28,Reinvestor
JINDALSTEL,2019-03,8195.0,-3.74,-2.8,ACCRUAL RISK,1.77,Asset Light,97.42,Reinvestor
JINDALSTEL,2020-03,7338.0,-22.04,-2.8,ACCRUAL RISK,3.89,Moderate,107.42,Reinvestor
JINDALSTEL,2021-03,10077.0,2.8,-2.8,ACCRUAL RISK,5.45,Moderate,92.17,Shareholder Returns
JINDALSTEL,2022-03,13717.0,2.37,-2.8,ACCRUAL RISK,4.56,Moderate,88.41,Shareholder Returns
JINDALSTEL,2023-03,3257.0,1.85,-2.8,ACCRUAL RISK,7.69,Moderate,32.76,Shareholder Returns
JINDALSTEL,2024-03,-2336.0,1.01,-2.8,ACCRUAL RISK,16.57,Capital Intensive,-22.9,Mixed
JIOFIN,2023-03,945.0,66.29,32.93,HIGH QUALITY,2466.67,Capital Intensive,2423.08,Shareholder Returns
JIOFIN,2024-03,763.0,-0.42,32.93,HIGH QUALITY,77.68,Capital Intensive,48.94,Other
JSWENERGY,2013-03,781.0,1.91,2.63,HIGH QUALITY,10.64,Capital Intensive,27.88,Shareholder Returns
JSWENERGY,2014-03,1906.0,2.99,2.63,HIGH QUALITY,4.2,Moderate,58.56,Shareholder Returns
JSWENERGY,2015-03,2972.0,2.5,2.63,HIGH QUALITY,4.51,Moderate,82.01,Shareholder Returns
JSWENERGY,2016-03,266.0,2.42,2.63,HIGH QUALITY,33.31,Capital Intensive,6.6,Shareholder Returns
JSWENERGY,2017-03,3091.0,6.18,2.63,HIGH QUALITY,9.22,Capital Intensive,92.99,Shareholder Returns
JSWENERGY,2018-03,3719.0,46.28,2.63,HIGH QUALITY,2.67,Asset Light,137.08,Shareholder Returns
JSWENERGY,2019-03,2436.0,3.64,2.63,HIGH QUALITY,0.6,Asset Light,85.32,Shareholder Returns
JSWENERGY,2020-03,2383.0,1.93,2.63,HIGH QUALITY,3.64,Moderate,80.59,Liquidating Assets
JSWENERGY,2021-03,2670.0,4.5,2.63,HIGH QUALITY,14.88,Capital Intensive,91.66,Shareholder Returns
JSWENERGY,2022-03,1565.0,1.69,2.63,HIGH QUALITY,16.98,Capital Intensive,43.81,Shareholder Returns
JSWENERGY,2023-03,-4694.0,1.41,2.63,HIGH QUALITY,65.6,Capital Intensive,-143.02,Mixed
JSWENERGY,2024-03,-1963.0,3.61,2.63,HIGH QUALITY,71.37,Capital Intensive,-36.47,Mixed
JSWSTEEL,2013-03,411.0,6.29,2.78,HIGH QUALITY,14.22,Capital Intensive,6.31,Shareholder Returns
JSWSTEEL,2014-03,-3024.0,6.45,2.78,HIGH QUALITY,10.97,Capital Intensive,-32.98,Mixed
JSWSTEEL,2015-03,504.0,4.57,2.78,HIGH QUALITY,13.92,Capital Intensive,5.38,Shareholder Returns
JSWSTEEL,2016-03,3040.0,-14.34,2.78,HIGH QUALITY,9.28,Capital Intensive,47.34,Reinvestor
JSWSTEEL,2017-03,2794.0,2.28,2.78,HIGH QUALITY,9.16,Capital Intensive,22.7,Shareholder Returns
JSWSTEEL,2018-03,7850.0,2.03,2.78,HIGH QUALITY,6.3,Moderate,52.63,Shareholder Returns
JSWSTEEL,2019-03,3246.0,1.94,2.78,HIGH QUALITY,13.43,Capital Intensive,17.15,Mixed
JSWSTEEL,2020-03,-6804.0,3.26,2.78,HIGH QUALITY,26.71,Capital Intensive,-57.6,Mixed
JSWSTEEL,2021-03,11087.0,2.39,2.78,HIGH QUALITY,9.65,Capital Intensive,54.95,Shareholder Returns
JSWSTEEL,2022-03,11522.0,1.25,2.78,HIGH QUALITY,10.08,Capital Intensive,29.46,Shareholder Returns
JSWSTEEL,2023-03,12593.0,5.63,2.78,HIGH QUALITY,6.47,Moderate,68.18,Shareholder Returns
JSWSTEEL,2024-03,-2389.0,1.35,2.78,HIGH QUALITY,8.27,Capital Intensive,-8.48,Shareholder Returns
KOTAKBANK,2013-03,-6157.0,1.29,1.48,HIGH QUALITY,83.36,Capital Intensive,-93.25,Mixed
KOTAKBANK,2014-03,7938.0,3.59,1.48,HIGH QUALITY,9.43,Capital Intensive,112.55,Shareholder Returns
KOTAKBANK,2015-03,-2165.0,0.74,1.48,HIGH QUALITY,33.54,Capital Intensive,-22.28,Mixed
KOTAKBANK,2016-03,2672.0,1.43,1.48,HIGH QUALITY,11.53,Capital Intensive,23.15,Mixed
KOTAKBANK,2017-03,7933.0,2.63,1.48,HIGH QUALITY,23.69,Capital Intensive,53.49,Mixed
KOTAKBANK,2018-03,-15867.0,-1.66,1.48,HIGH QUALITY,21.79,Capital Intensive,-94.42,Growth Funded by Debt
KOTAKBANK,2019-03,-1501.0,0.25,1.48,HIGH QUALITY,11.14,Capital Intensive,-7.6,Mixed
KOTAKBANK,2020-03,33551.0,5.43,1.48,HIGH QUALITY,39.04,Capital Intensive,148.6,Shareholder Returns
KOTAKBANK,2021-03,-6291.0,0.49,1.48,HIGH QUALITY,34.04,Capital Intensive,-21.1,Reinvestor
KOTAKBANK,2022-03,-2595.0,0.69,1.48,HIGH QUALITY,32.31,Capital Intensive,-8.45,Mixed
KOTAKBANK,2023-03,-11623.0,-0.08,1.48,HIGH QUALITY,24.63,Capital Intensive,-34.71,Growth Funded by Debt
KOTAKBANK,2024-03,6766.0,0.86,1.48,HIGH QUALITY,15.86,Capital Intensive,14.38,Mixed
LICI,2019-03,22910.0,5.05,9.68,HIGH QUALITY,1.69,Asset Light,386.99,Liquidating Assets
LICI,2020-03,13952.0,20.06,9.68,HIGH QUALITY,6.44,Moderate,-200.83,Shareholder Returns
LICI,2021-03,229049.0,27.1,9.68,HIGH QUALITY,21.49,Capital Intensive,-90892.46,Liquidating Assets
LICI,2022-03,8748.0,-0.92,9.68,HIGH QUALITY,1.73,Asset Light,263.02,Distress Signal
LICI,2023-03,1671.0,1.51,9.68,HIGH QUALITY,6.74,Moderate,4.88,Shareholder Returns
LICI,2024-03,853.0,0.64,9.68,HIGH QUALITY,2.99,Asset Light,2.6,Reinvestor
LODHA,2016-03,-467.0,0.55,13.31,HIGH QUALITY,10.35,Capital Intensive,-21.97,Mixed
LODHA,2017-03,295.0,2.52,13.31,HIGH QUALITY,14.81,Capital Intensive,18.28,Shareholder Returns
LODHA,2018-03,45.0,0.88,13.31,HIGH QUALITY,6.73,Moderate,2.68,Mixed
LODHA,2019-03,-638.0,-0.28,13.31,HIGH QUALITY,1.47,Asset Light,-20.07,Growth Funded by Debt
LODHA,2020-03,3954.0,5.08,13.31,HIGH QUALITY,1.46,Asset Light,206.26,Liquidating Assets
LODHA,2021-03,2944.0,52.58,13.31,HIGH QUALITY,7.71,Moderate,212.87,Liquidating Assets
LODHA,2022-03,3137.0,1.65,13.31,HIGH QUALITY,12.34,Capital Intensive,143.5,Liquidating Assets
LODHA,2023-03,4539.0,5.61,13.31,HIGH QUALITY,18.89,Capital Intensive,219.91,Liquidating Assets
LODHA,2024-03,-435.0,1.62,13.31,HIGH QUALITY,28.57,Capital Intensive,-16.32,Mixed
LT,2013-03,-11277.0,-0.82,1.45,HIGH QUALITY,9.3,Capital Intensive,-98.97,Growth Funded by Debt
LT,2014-03,-12653.0,-1.46,1.45,HIGH QUALITY,6.48,Moderate,-89.83,Growth Funded by Debt
LT,2015-03,-6143.0,-0.27,1.45,HIGH QUALITY,5.2,Moderate,-39.17,Growth Funded by Debt
LT,2016-03,-7867.0,-0.71,1.45,HIGH QUALITY,4.58,Moderate,-50.8,Growth Funded by Debt
LT,2017-03,-3141.0,1.03,1.45,HIGH QUALITY,8.96,Capital Intensive,-18.9,Mixed
LT,2018-03,-6117.0,-1.25,1.45,HIGH QUALITY,3.27,Moderate,-30.42,Distress Signal
LT,2019-03,-15779.0,-0.47,1.45,HIGH QUALITY,8.15,Capital Intensive,-69.01,Growth Funded by Debt
LT,2020-03,-1714.0,0.61,1.45,HIGH QUALITY,5.78,Moderate,-6.98,Mixed
LT,2021-03,17324.0,1.79,1.45,HIGH QUALITY,4.23,Moderate,73.84,Shareholder Returns
LT,2022-03,15579.0,1.84,1.45,HIGH QUALITY,2.29,Asset Light,64.07,Shareholder Returns
LT,2023-03,14729.0,1.82,1.45,HIGH QUALITY,4.39,Moderate,54.22,Shareholder Returns
LT,2024-03,20445.0,1.17,1.45,HIGH QUALITY,0.99,Asset Light,68.46,Liquidating Assets
LTIM,2013-03,384.0,1.08,1.02,HIGH QUALITY,5.82,Moderate,44.14,Shareholder Returns
LTIM,2014-03,808.0,0.63,1.02,HIGH QUALITY,3.66,Moderate,70.44,Liquidating Assets
LTIM,2015-03,539.0,0.83,1.02,HIGH QUALITY,2.07,Asset Light,53.63,Reinvestor
LTIM,2016-03,818.0,1.03,1.02,HIGH QUALITY,0.68,Asset Light,79.57,Shareholder Returns
LTIM,2017-03,209.0,1.2,1.02,HIGH QUALITY,14.78,Capital Intensive,16.99,Shareholder Returns
LTIM,2018-03,392.0,0.76,1.02,HIGH QUALITY,6.19,Moderate,33.02,Reinvestor
LTIM,2019-03,646.0,0.92,1.02,HIGH QUALITY,7.93,Moderate,34.31,Reinvestor
LTIM,2020-03,1001.0,1.08,1.02,HIGH QUALITY,5.91,Moderate,49.33,Shareholder Returns
LTIM,2021-03,743.0,1.24,1.02,HIGH QUALITY,13.4,Capital Intensive,27.27,Shareholder Returns
LTIM,2022-03,1608.0,0.82,1.02,HIGH QUALITY,6.29,Moderate,30.63,Reinvestor
LTIM,2023-03,2824.0,0.7,1.02,HIGH QUALITY,0.82,Asset Light,46.23,Reinvestor
LTIM,2024-03,1752.0,1.24,1.02,HIGH QUALITY,11.03,Capital Intensive,27.43,Shareholder Returns
M&M,2013-03,-3825.0,-0.22,3.32,HIGH QUALITY,4.23,Moderate,-41.96,Growth Funded by Debt
M&M,2014-03,-4768.0,-0.05,3.32,HIGH QUALITY,6.11,Moderate,-46.88,Growth Funded by Debt
M&M,2015-03,-3302.0,0.31,3.32,HIGH QUALITY,6.1,Moderate,-37.55,Mixed
M&M,2016-03,-3121.0,0.67,3.32,HIGH QUALITY,7.26,Moderate,-30.96,Mixed
M&M,2017-03,-5692.0,0.05,3.32,HIGH QUALITY,7.01,Moderate,-53.02,Mixed
M&M,2018-03,-4785.0,0.09,3.32,HIGH QUALITY,5.94,Moderate,-36.18,Mixed
M&M,2019-03,-11521.0,-0.72,3.32,HIGH QUALITY,6.85,Moderate,-75.76,Growth Funded by Debt
M&M,2020-03,-8327.0,4.54,3.32,HIGH QUALITY,9.11,Capital Intensive,-81.97,Growth Funded by Debt
M&M,2021-03,-1777.0,11.84,3.32,HIGH QUALITY,26.5,Capital Intensive,-15.47,Mixed
M&M,2022-03,5996.0,1.28,3.32,HIGH QUALITY,3.61,Moderate,40.84,Shareholder Returns
M&M,2023-03,-15940.0,-0.62,3.32,HIGH QUALITY,7.31,Moderate,-78.58,Growth Funded by Debt
M&M,2024-03,-11245.0,-0.46,3.32,HIGH QUALITY,4.04,Moderate,-45.18,Growth Funded by Debt
MARUTI,2013-03,940.0,1.64,1.13,HIGH QUALITY,7.04,Moderate,21.55,Shareholder Returns
MARUTI,2014-03,-2.0,1.75,1.13,HIGH QUALITY,11.22,Capital Intensive,-0.04,Shareholder Returns
MARUTI,2015-03,1958.0,1.69,1.13,HIGH QUALITY,8.84,Capital Intensive,28.41,Shareholder Returns
MARUTI,2016-03,1252.0,1.54,1.13,HIGH QUALITY,12.55,Capital Intensive,13.87,Shareholder Returns
MARUTI,2017-03,1109.0,1.37,1.13,HIGH QUALITY,13.47,Capital Intensive,10.64,Shareholder Returns
MARUTI,2018-03,3486.0,1.5,1.13,HIGH QUALITY,10.4,Capital Intensive,28.77,Shareholder Returns
MARUTI,2019-03,3061.0,0.86,1.13,HIGH QUALITY,4.11,Moderate,27.69,Reinvestor
MARUTI,2020-03,2939.0,0.62,1.13,HIGH QUALITY,0.74,Asset Light,39.96,Reinvestor
MARUTI,2021-03,1565.0,2.02,1.13,HIGH QUALITY,10.36,Capital Intensive,28.92,Shareholder Returns
MARUTI,2022-03,1601.0,0.47,1.13,HIGH QUALITY,0.27,Asset Light,27.83,Reinvestor
MARUTI,2023-03,1995.0,1.31,1.13,HIGH QUALITY,7.45,Moderate,15.2,Shareholder Returns
MARUTI,2024-03,4936.0,1.25,1.13,HIGH QUALITY,8.36,Capital Intensive,26.5,Shareholder Returns
MOTHERSON,2013-03,397.0,3.29,3.1,HIGH QUALITY,4.3,Moderate,26.82,Shareholder Returns
MOTHERSON,2014-03,1323.0,2.46,3.1,HIGH QUALITY,4.51,Moderate,55.19,Shareholder Returns
MOTHERSON,2015-03,546.0,2.62,3.1,HIGH QUALITY,8.21,Capital Intensive,19.2,Mixed
MOTHERSON,2016-03,282.0,1.23,3.1,HIGH QUALITY,5.12,Moderate,7.95,Shareholder Returns
MOTHERSON,2017-03,-2345.0,1.75,3.1,HIGH QUALITY,14.5,Capital Intensive,-56.22,Mixed
MOTHERSON,2018-03,70.0,1.44,3.1,HIGH QUALITY,5.67,Moderate,1.37,Shareholder Returns
MOTHERSON,2019-03,994.0,2.06,3.1,HIGH QUALITY,5.22,Moderate,18.59,Shareholder Returns
MOTHERSON,2020-03,4132.0,4.91,3.1,HIGH QUALITY,3.66,Moderate,88.78,Shareholder Returns
MOTHERSON,2021-03,3165.0,3.22,3.1,HIGH QUALITY,3.29,Moderate,72.43,Shareholder Returns
MOTHERSON,2022-03,159.0,2.08,3.1,HIGH QUALITY,3.61,Moderate,3.37,Shareholder Returns
MOTHERSON,2023-03,2395.0,2.78,3.1,HIGH QUALITY,2.85,Asset Light,38.31,Shareholder Returns
MOTHERSON,2024-03,925.0,2.51,3.1,HIGH QUALITY,6.73,Moderate,9.92,Mixed
NAUKRI,2013-03,29.0,0.99,-1.46,ACCRUAL RISK,9.75,Capital Intensive,23.97,Reinvestor
NAUKRI,2014-03,-123.0,1.35,-1.46,ACCRUAL RISK,35.98,Capital Intensive,-126.8,Mixed
NAUKRI,2015-03,-1000.0,-3.64,-1.46,ACCRUAL RISK,143.58,Capital Intensive,-4761.9,Mixed
NAUKRI,2016-03,76.0,0.66,-1.46,ACCRUAL RISK,0.27,Asset Light,83.52,Reinvestor
NAUKRI,2017-03,48.0,-4.95,-1.46,ACCRUAL RISK,18.58,Capital Intensive,-533.33,Reinvestor
NAUKRI,2018-03,104.0,0.5,-1.46,ACCRUAL RISK,15.08,Capital Intensive,47.49,Reinvestor
NAUKRI,2019-03,217.0,0.47,-1.46,ACCRUAL RISK,5.13,Moderate,2411.11,Reinvestor
NAUKRI,2020-03,447.0,-1.42,-1.46,ACCRUAL RISK,7.39,Moderate,-127.71,Liquidating Assets
NAUKRI,2021-03,-1767.0,0.19,-1.46,ACCRUAL RISK,181.12,Capital Intensive,-2387.84,Mixed
NAUKRI,2022-03,-470.0,0.05,-1.46,ACCRUAL RISK,74.07,Capital Intensive,-105.38,Mixed
NAUKRI,2023-03,154.0,-7.31,-1.46,ACCRUAL RISK,15.26,Capital Intensive,44.25,Mixed
NAUKRI,2024-03,-150.0,1.18,-1.46,ACCRUAL RISK,33.6,Capital Intensive,-21.1,Mixed
NESTLEIND,2013-12,1355.0,1.61,1.11,HIGH QUALITY,4.85,Moderate,69.56,Shareholder Returns
NESTLEIND,2014-12,1212.0,1.39,1.11,HIGH QUALITY,4.38,Moderate,59.44,Shareholder Returns
NESTLEIND,2015-12,1028.0,1.95,1.11,HIGH QUALITY,0.86,Asset Light,66.11,Shareholder Returns
NESTLEIND,2016-12,1340.0,1.46,1.11,HIGH QUALITY,1.38,Asset Light,72.43,Shareholder Returns
NESTLEIND,2017-12,1687.0,1.48,1.11,HIGH QUALITY,1.31,Asset Light,80.45,Shareholder Returns
NESTLEIND,2018-12,2000.0,1.28,1.11,HIGH QUALITY,0.46,Asset Light,76.39,Shareholder Returns
NESTLEIND,2019-12,2378.0,1.17,1.11,HIGH QUALITY,0.67,Asset Light,81.27,Liquidating Assets
NESTLEIND,2020-12,2133.0,1.18,1.11,HIGH QUALITY,2.4,Asset Light,66.61,Shareholder Returns
NESTLEIND,2021-12,316.0,1.06,1.11,HIGH QUALITY,13.02,Capital Intensive,8.87,Shareholder Returns
NESTLEIND,2022-12,2345.0,1.14,1.11,HIGH QUALITY,2.32,Asset Light,63.28,Shareholder Returns
NESTLEIND,2023-12,2465.0,1.13,1.11,HIGH QUALITY,4.85,Moderate,55.13,Shareholder Returns
NESTLEIND,2024-03,2938.0,1.06,1.11,HIGH QUALITY,5.07,Moderate,50.54,Shareholder Returns
NHPC,2013-03,1516.0,0.99,1.27,HIGH QUALITY,20.84,Capital Intensive,36.51,Reinvestor
NHPC,2014-03,2702.0,2.34,1.27,HIGH QUALITY,15.18,Capital Intensive,62.23,Shareholder Returns
NHPC,2015-03,3293.0,1.45,1.27,HIGH QUALITY,9.34,Capital Intensive,64.14,Shareholder Returns
NHPC,2016-03,5225.0,2.52,1.27,HIGH QUALITY,8.93,Capital Intensive,109.24,Shareholder Returns
NHPC,2017-03,6465.0,2.39,1.27,HIGH QUALITY,21.62,Capital Intensive,132.37,Shareholder Returns
NHPC,2018-03,3810.0,1.69,1.27,HIGH QUALITY,11.42,Capital Intensive,89.69,Shareholder Returns
NHPC,2019-03,2642.0,1.35,1.27,HIGH QUALITY,13.16,Capital Intensive,53.04,Shareholder Returns
NHPC,2020-03,6.0,0.89,1.27,HIGH QUALITY,29.85,Capital Intensive,0.11,Mixed
NHPC,2021-03,3463.0,1.41,1.27,HIGH QUALITY,16.66,Capital Intensive,65.62,Shareholder Returns
NHPC,2022-03,1506.0,1.22,1.27,HIGH QUALITY,33.73,Capital Intensive,37.53,Shareholder Returns
NHPC,2023-03,514.0,1.1,1.27,HIGH QUALITY,39.51,Capital Intensive,8.31,Shareholder Returns
NHPC,2024-03,970.0,1.72,1.27,HIGH QUALITY,61.96,Capital Intensive,20.18,Shareholder Returns
NTPC,2013-03,-337.0,1.31,2.26,HIGH QUALITY,23.55,Capital Intensive,-1.86,Mixed
NTPC,2014-03,1022.0,1.45,2.26,HIGH QUALITY,19.8,Capital Intensive,5.18,Shareholder Returns
NTPC,2015-03,-1088.0,1.49,2.26,HIGH QUALITY,19.98,Capital Intensive,-6.27,Shareholder Returns
NTPC,2016-03,4963.0,2.24,2.26,HIGH QUALITY,26.11,Capital Intensive,26.73,Shareholder Returns
NTPC,2017-03,-4313.0,1.88,2.26,HIGH QUALITY,29.84,Capital Intensive,-19.97,Mixed
NTPC,2018-03,-1008.0,1.87,2.26,HIGH QUALITY,23.48,Capital Intensive,-4.48,Mixed
NTPC,2019-03,-5377.0,1.33,2.26,HIGH QUALITY,23.99,Capital Intensive,-23.68,Mixed
NTPC,2020-03,-5738.0,2.01,2.26,HIGH QUALITY,27.07,Capital Intensive,-18.17,Mixed
NTPC,2021-03,11410.0,2.17,2.26,HIGH QUALITY,18.86,Capital Intensive,33.52,Shareholder Returns
NTPC,2022-03,18897.0,2.46,2.26,HIGH QUALITY,17.25,Capital Intensive,46.82,Shareholder Returns
NTPC,2023-03,21007.0,2.75,2.26,HIGH QUALITY,14.84,Capital Intensive,44.14,Shareholder Returns
NTPC,2024-03,8644.0,1.91,2.26,HIGH QUALITY,18.01,Capital Intensive,16.8,Shareholder Returns
ONGC,2013-03,-1346.0,1.66,2.86,HIGH QUALITY,25.45,Capital Intensive,-3.09,Shareholder Returns
ONGC,2014-03,-10363.0,2.0,2.86,HIGH QUALITY,36.55,Capital Intensive,-21.09,Mixed
ONGC,2015-03,3892.0,1.92,2.86,HIGH QUALITY,18.68,Capital Intensive,9.2,Shareholder Returns
ONGC,2016-03,8036.0,3.53,2.86,HIGH QUALITY,30.84,Capital Intensive,20.53,Shareholder Returns
ONGC,2017-03,1965.0,1.57,2.86,HIGH QUALITY,15.51,Capital Intensive,3.72,Shareholder Returns
ONGC,2018-03,-10006.0,2.18,2.86,HIGH QUALITY,20.7,Capital Intensive,-17.59,Mixed
ONGC,2019-03,24326.0,1.81,2.86,HIGH QUALITY,8.81,Capital Intensive,32.51,Shareholder Returns
ONGC,2020-03,17434.0,6.16,2.86,HIGH QUALITY,13.4,Capital Intensive,33.46,Shareholder Returns
ONGC,2021-03,8044.0,2.21,2.86,HIGH QUALITY,12.88,Capital Intensive,16.26,Shareholder Returns
ONGC,2022-03,37051.0,1.59,2.86,HIGH QUALITY,8.39,Capital Intensive,46.39,Shareholder Returns
ONGC,2023-03,11372.0,2.63,2.86,HIGH QUALITY,11.81,Capital Intensive,15.06,Shareholder Returns
ONGC,2024-03,42060.0,1.74,2.86,HIGH QUALITY,9.67,Capital Intensive,40.9,Shareholder Returns
PFC,2013-03,-25080.0,-5.66,-3.03,ACCRUAL RISK,0.13,Asset Light,-418.91,Distress Signal
PFC,2014-03,-22464.0,-4.11,-3.03,ACCRUAL RISK,0.04,Asset Light,-295.31,Distress Signal
PFC,2015-03,-21946.0,-3.57,-3.03,ACCRUAL RISK,1.96,Asset Light,-260.36,Growth Funded by Debt
PFC,2016-03,-15271.0,-2.15,-3.03,ACCRUAL RISK,7.08,Moderate,-166.68,Growth Funded by Debt
PFC,2017-03,1128.0,0.8,-3.03,ACCRUAL RISK,2.42,Asset Light,21.38,Mixed
PFC,2018-03,-55739.0,-6.5,-3.03,ACCRUAL RISK,2.9,Asset Light,-474.29,Distress Signal
PFC,2019-03,-93715.0,-6.35,-3.03,ACCRUAL RISK,24.88,Capital Intensive,-526.99,Growth Funded by Debt
PFC,2020-03,-42221.0,-4.45,-3.03,ACCRUAL RISK,0.12,Asset Light,-301.32,Growth Funded by Debt
PFC,2021-03,-57402.0,-3.76,-3.03,ACCRUAL RISK,2.43,Asset Light,-288.87,Distress Signal
PFC,2022-03,4357.0,0.26,-3.03,ACCRUAL RISK,0.72,Asset Light,18.67,Reinvestor
PFC,2023-03,-76411.0,-3.53,-3.03,ACCRUAL RISK,2.18,Asset Light,-288.33,Growth Funded by Debt
PFC,2024-03,-101229.0,-3.7,-3.03,ACCRUAL RISK,3.73,Moderate,-301.52,Growth Funded by Debt
PIDILITIND,2013-03,328.0,1.11,1.19,HIGH QUALITY,3.92,Moderate,58.78,Shareholder Returns
PIDILITIND,2014-03,295.0,0.88,1.19,HIGH QUALITY,2.31,Asset Light,43.9,Reinvestor
PIDILITIND,2015-03,116.0,1.07,1.19,HIGH QUALITY,9.0,Capital Intensive,15.05,Shareholder Returns
PIDILITIND,2016-03,416.0,1.12,1.19,HIGH QUALITY,9.16,Capital Intensive,35.46,Shareholder Returns
PIDILITIND,2017-03,-85.0,0.92,1.19,HIGH QUALITY,15.65,Capital Intensive,-6.74,Mixed
PIDILITIND,2018-03,835.0,0.82,1.19,HIGH QUALITY,0.64,Asset Light,62.27,Liquidating Assets
PIDILITIND,2019-03,332.0,0.91,1.19,HIGH QUALITY,7.25,Moderate,24.22,Reinvestor
PIDILITIND,2020-03,1383.0,1.14,1.19,HIGH QUALITY,1.41,Asset Light,87.75,Liquidating Assets
PIDILITIND,2021-03,-296.0,1.24,1.19,HIGH QUALITY,23.15,Capital Intensive,-17.56,Shareholder Returns
PIDILITIND,2022-03,397.0,0.79,1.19,HIGH QUALITY,5.62,Moderate,21.39,Reinvestor
PIDILITIND,2023-03,659.0,1.21,1.19,HIGH QUALITY,7.62,Moderate,33.18,Shareholder Returns
PIDILITIND,2024-03,955.0,1.56,1.19,HIGH QUALITY,14.29,Capital Intensive,35.27,Shareholder Returns
PNB,2013-03,-1292.0,-0.14,-1.22,ACCRUAL RISK,1.39,Asset Light,,Pre-Revenue
PNB,2014-03,16604.0,4.6,-1.22,ACCRUAL RISK,0.67,Asset Light,,Mixed
PNB,2015-03,3942.0,1.37,-1.22,ACCRUAL RISK,1.79,Asset Light,,Mixed
PNB,2016-03,12815.0,-4.04,-1.22,ACCRUAL RISK,2.66,Asset Light,,Mixed
PNB,2017-03,22097.0,17.71,-1.22,ACCRUAL RISK,0.33,Asset Light,,Liquidating Assets
PNB,2018-03,-1350.0,0.14,-1.22,ACCRUAL RISK,0.8,Asset Light,,Distress Signal
PNB,2019-03,-34161.0,3.51,-1.22,ACCRUAL RISK,1.21,Asset Light,,Growth Funded by Debt
PNB,2020-03,-13131.0,-26.38,-1.22,ACCRUAL RISK,0.62,Asset Light,,Growth Funded by Debt
PNB,2021-03,30163.0,11.48,-1.22,ACCRUAL RISK,0.96,Asset Light,,Mixed
PNB,2022-03,18828.0,5.13,-1.22,ACCRUAL RISK,1.58,Asset Light,,Mixed
PNB,2023-03,21860.0,6.73,-1.22,ACCRUAL RISK,0.84,Asset Light,,Mixed
PNB,2024-03,-29445.0,-3.05,-1.22,ACCRUAL RISK,1.38,Asset Light,,Growth Funded by Debt
POWERGRID,2013-03,-10394.0,2.71,2.36,HIGH QUALITY,168.83,Capital Intensive,-95.91,Mixed
POWERGRID,2014-03,-11416.0,3.35,2.36,HIGH QUALITY,171.26,Capital Intensive,-88.04,Mixed
POWERGRID,2015-03,-8385.0,3.13,2.36,HIGH QUALITY,137.88,Capital Intensive,-56.17,Mixed
POWERGRID,2016-03,-6568.0,2.52,2.36,HIGH QUALITY,104.47,Capital Intensive,-36.12,Mixed
POWERGRID,2017-03,-2261.0,2.9,2.36,HIGH QUALITY,92.76,Capital Intensive,-10.07,Mixed
POWERGRID,2018-03,-2991.0,2.77,2.36,HIGH QUALITY,85.8,Capital Intensive,-11.52,Mixed
POWERGRID,2019-03,4544.0,2.32,2.36,HIGH QUALITY,53.42,Capital Intensive,16.88,Shareholder Returns
POWERGRID,2020-03,20006.0,2.78,2.36,HIGH QUALITY,28.44,Capital Intensive,60.83,Shareholder Returns
POWERGRID,2021-03,20159.0,2.44,2.36,HIGH QUALITY,23.32,Capital Intensive,57.75,Shareholder Returns
POWERGRID,2022-03,26877.0,1.55,2.36,HIGH QUALITY,1.81,Asset Light,75.02,Liquidating Assets
POWERGRID,2023-03,33065.0,2.61,2.36,HIGH QUALITY,15.65,Capital Intensive,83.55,Shareholder Returns
POWERGRID,2024-03,24176.0,2.39,2.36,HIGH QUALITY,28.61,Capital Intensive,60.7,Shareholder Returns
RECLTD,2013-03,-19907.0,-5.23,-3.86,ACCRUAL RISK,1.11,Asset Light,-150.02,Distress Signal
RECLTD,2014-03,-17108.0,-3.64,-3.86,ACCRUAL RISK,0.79,Asset Light,-102.75,Distress Signal
RECLTD,2015-03,-23747.0,-4.47,-3.86,ACCRUAL RISK,0.74,Asset Light,-122.44,Distress Signal
RECLTD,2016-03,-14034.0,-2.33,-3.86,ACCRUAL RISK,3.13,Moderate,-62.53,Growth Funded by Debt
RECLTD,2017-03,6704.0,1.08,-3.86,ACCRUAL RISK,0.41,Asset Light,29.86,Shareholder Returns
RECLTD,2018-03,-32464.0,-7.3,-3.86,ACCRUAL RISK,0.2,Asset Light,-168.39,Distress Signal
RECLTD,2019-03,-35409.0,-6.25,-3.86,ACCRUAL RISK,1.8,Asset Light,-149.37,Distress Signal
RECLTD,2020-03,-32591.0,-6.58,-3.86,ACCRUAL RISK,0.4,Asset Light,-125.54,Distress Signal
RECLTD,2021-03,-42651.0,-5.19,-3.86,ACCRUAL RISK,2.42,Asset Light,-132.19,Distress Signal
RECLTD,2022-03,-1106.0,-0.08,-3.86,ACCRUAL RISK,0.73,Asset Light,-3.21,Growth Funded by Debt
RECLTD,2023-03,-38303.0,-3.35,-3.86,ACCRUAL RISK,2.39,Asset Light,-101.79,Growth Funded by Debt
RECLTD,2024-03,-59554.0,-4.08,-3.86,ACCRUAL RISK,3.85,Moderate,-124.37,Growth Funded by Debt
RELIANCE,2013-03,9317.0,1.77,1.61,HIGH QUALITY,6.97,Moderate,28.1,Mixed
RELIANCE,2014-03,-29809.0,1.92,1.61,HIGH QUALITY,16.86,Capital Intensive,-85.33,Mixed
RELIANCE,2015-03,-30332.0,1.45,1.61,HIGH QUALITY,17.28,Capital Intensive,-81.0,Mixed
RELIANCE,2016-03,1948.0,1.28,1.61,HIGH QUALITY,13.28,Capital Intensive,4.66,Shareholder Returns
RELIANCE,2017-03,-16651.0,1.66,1.61,HIGH QUALITY,21.78,Capital Intensive,-35.96,Mixed
RELIANCE,2018-03,3267.0,1.98,1.61,HIGH QUALITY,17.45,Capital Intensive,5.08,Shareholder Returns
RELIANCE,2019-03,-52161.0,1.06,1.61,HIGH QUALITY,16.63,Capital Intensive,-61.91,Mixed
RELIANCE,2020-03,22380.0,2.38,1.61,HIGH QUALITY,12.15,Capital Intensive,25.07,Shareholder Returns
RELIANCE,2021-03,-115427.0,0.5,1.61,HIGH QUALITY,30.53,Capital Intensive,-142.87,Mixed
RELIANCE,2022-03,1492.0,1.63,1.61,HIGH QUALITY,15.71,Capital Intensive,1.37,Mixed
RELIANCE,2023-03,22031.0,1.55,1.61,HIGH QUALITY,10.61,Capital Intensive,15.48,Mixed
RELIANCE,2024-03,45207.0,2.01,1.61,HIGH QUALITY,12.63,Capital Intensive,27.82,Shareholder Returns
SBILIFE,2013-03,903.0,1.79,15.3,HIGH QUALITY,1.53,Asset Light,211.48,Shareholder Returns
SBILIFE,2014-03,-542.0,0.23,15.3,HIGH QUALITY,4.1,Moderate,-106.07,Reinvestor
SBILIFE,2015-03,2533.0,3.33,15.3,HIGH QUALITY,0.76,Asset Light,319.02,Shareholder Returns
SBILIFE,2016-03,-1426.0,6.85,15.3,HIGH QUALITY,37.28,Capital Intensive,-155.0,Shareholder Returns
SBILIFE,2017-03,-507.0,8.93,15.3,HIGH QUALITY,29.57,Capital Intensive,-47.47,Shareholder Returns
SBILIFE,2018-03,1485.0,9.04,15.3,HIGH QUALITY,26.15,Capital Intensive,111.49,Shareholder Returns
SBILIFE,2019-03,-79.0,10.15,15.3,HIGH QUALITY,30.38,Capital Intensive,-5.36,Shareholder Returns
SBILIFE,2020-03,2313.0,13.57,15.3,HIGH QUALITY,38.78,Capital Intensive,171.21,Shareholder Returns
SBILIFE,2021-03,4675.0,16.4,15.3,HIGH QUALITY,23.44,Capital Intensive,536.12,Mixed
SBILIFE,2022-03,241.0,14.51,15.3,HIGH QUALITY,26.04,Capital Intensive,33.01,Shareholder Returns
SBILIFE,2023-03,-1547.0,16.65,15.3,HIGH QUALITY,37.46,Capital Intensive,-1268.03,Shareholder Returns
SBILIFE,2024-03,-2099.0,15.38,15.3,HIGH QUALITY,23.65,Capital Intensive,-853.25,Shareholder Returns
SBIN,2013-03,22061.0,1.31,1.05,HIGH QUALITY,1.35,Asset Light,-430.54,Shareholder Returns
SBIN,2014-03,18351.0,1.29,1.05,HIGH QUALITY,0.42,Asset Light,-125.57,Mixed
SBIN,2015-03,22873.0,1.47,1.05,HIGH QUALITY,1.65,Asset Light,-104.54,Shareholder Returns
SBIN,2016-03,11730.0,1.11,1.05,HIGH QUALITY,1.25,Asset Light,-36.2,Mixed
SBIN,2017-03,72834.0,-798.0,1.05,HIGH QUALITY,1.98,Asset Light,-113.21,Reinvestor
SBIN,2018-03,-83455.0,25.74,1.05,HIGH QUALITY,5.7,Moderate,96.26,Distress Signal
SBIN,2019-03,29776.0,8.82,1.05,HIGH QUALITY,0.09,Asset Light,-43.37,Cash Accumulator
SBIN,2020-03,23374.0,1.13,1.05,HIGH QUALITY,0.21,Asset Light,-36.42,Mixed
SBIN,2021-03,86249.0,3.76,1.05,HIGH QUALITY,1.32,Asset Light,-121.97,Mixed
SBIN,2022-03,55043.0,1.55,1.05,HIGH QUALITY,0.91,Asset Light,-86.59,Shareholder Returns
SBIN,2023-03,-86980.0,-1.49,1.05,HIGH QUALITY,0.28,Asset Light,200.23,Growth Funded by Debt
SBIN,2024-03,18156.0,0.31,1.05,HIGH QUALITY,0.79,Asset Light,-30.11,Reinvestor
SHREECEM,2013-06,990.0,1.25,1.9,HIGH QUALITY,4.98,Moderate,63.42,Shareholder Returns
SHREECEM,2014-06,167.0,1.78,1.9,HIGH QUALITY,21.59,Capital Intensive,12.01,Shareholder Returns
SHREECEM,2015-06,249.0,2.91,1.9,HIGH QUALITY,15.82,Capital Intensive,18.53,Shareholder Returns
SHREECEM,2016-03,301.0,1.37,1.9,HIGH QUALITY,22.94,Capital Intensive,21.39,Shareholder Returns
SHREECEM,2017-03,154.0,1.64,1.9,HIGH QUALITY,23.83,Capital Intensive,6.13,Shareholder Returns
SHREECEM,2018-03,-1716.0,1.36,1.9,HIGH QUALITY,36.56,Capital Intensive,-69.39,Mixed
SHREECEM,2019-03,1360.0,2.05,1.9,HIGH QUALITY,5.73,Moderate,48.62,Shareholder Returns
SHREECEM,2020-03,-1617.0,2.57,1.9,HIGH QUALITY,43.44,Capital Intensive,-42.88,Mixed
SHREECEM,2021-03,1603.0,1.82,1.9,HIGH QUALITY,19.55,Capital Intensive,39.18,Shareholder Returns
SHREECEM,2022-03,525.0,2.1,1.9,HIGH QUALITY,14.28,Capital Intensive,14.15,Shareholder Returns
SHREECEM,2023-03,164.0,1.08,1.9,HIGH QUALITY,13.47,Capital Intensive,5.54,Shareholder Returns
SHREECEM,2024-03,1929.0,1.93,1.9,HIGH QUALITY,6.91,Moderate,42.7,Shareholder Returns
SHRIRAMFIN,2013-03,-8400.0,-5.71,-2.61,ACCRUAL RISK,0.58,Asset Light,-385.5,Growth Funded by Debt
SHRIRAMFIN,2014-03,-4167.0,-2.99,-2.61,ACCRUAL RISK,1.32,Asset Light,-208.45,Growth Funded by Debt
SHRIRAMFIN,2015-03,-9656.0,-9.35,-2.61,ACCRUAL RISK,0.49,Asset Light,-571.02,Growth Funded by Debt
SHRIRAMFIN,2016-03,-5543.0,-4.65,-2.61,ACCRUAL RISK,0.35,Asset Light,-303.89,Growth Funded by Debt
SHRIRAMFIN,2017-03,-2679.0,-2.11,-2.61,ACCRUAL RISK,0.02,Asset Light,-135.85,Growth Funded by Debt
SHRIRAMFIN,2018-03,-13056.0,-5.16,-2.61,ACCRUAL RISK,0.64,Asset Light,-343.13,Distress Signal
SHRIRAMFIN,2019-03,-5611.0,-2.15,-2.61,ACCRUAL RISK,0.49,Asset Light,-147.62,Growth Funded by Debt
SHRIRAMFIN,2020-03,-2519.0,-0.98,-2.61,ACCRUAL RISK,0.33,Asset Light,-70.66,Growth Funded by Debt
SHRIRAMFIN,2021-03,-4264.0,-1.7,-2.61,ACCRUAL RISK,0.14,Asset Light,-125.34,Growth Funded by Debt
SHRIRAMFIN,2022-03,-8893.0,-3.26,-2.61,ACCRUAL RISK,0.18,Asset Light,-242.58,Growth Funded by Debt
SHRIRAMFIN,2023-03,-12549.0,-2.93,-2.61,ACCRUAL RISK,16.65,Capital Intensive,-142.62,Distress Signal
SHRIRAMFIN,2024-03,-31359.0,-4.2,-2.61,ACCRUAL RISK,0.71,Asset Light,-298.0,Growth Funded by Debt
SIEMENS,2011-09,267.0,0.0,0.84,MODERATE,2.21,Asset Light,22.8,Liquidating Assets
SIEMENS,2014-09,738.0,1.01,0.84,MODERATE,1.22,Asset Light,620.17,Liquidating Assets
SIEMENS,2015-09,1220.0,0.49,0.84,MODERATE,6.12,Moderate,122.24,Liquidating Assets
SIEMENS,2016-09,750.0,0.18,0.84,MODERATE,2.19,Asset Light,73.46,Liquidating Assets
SIEMENS,2017-09,1894.0,0.5,0.84,MODERATE,11.94,Capital Intensive,179.36,Liquidating Assets
SIEMENS,2018-09,-74.0,0.11,0.84,MODERATE,1.36,Asset Light,-5.58,Reinvestor
SIEMENS,2019-09,138.0,1.16,0.84,MODERATE,8.67,Capital Intensive,9.26,Shareholder Returns
SIEMENS,2020-09,1591.0,0.94,0.84,MODERATE,8.76,Capital Intensive,158.62,Liquidating Assets
SIEMENS,2021-09,-967.0,1.31,0.84,MODERATE,18.1,Capital Intensive,-66.6,Shareholder Returns
SIEMENS,2022-09,944.0,0.63,0.84,MODERATE,0.21,Asset Light,50.75,Reinvestor
SIEMENS,2023-09,641.0,0.71,0.84,MODERATE,3.88,Moderate,25.77,Reinvestor
SIEMENS,2024-09,1168.0,0.61,0.84,MODERATE,2.26,Asset Light,37.63,Reinvestor
SUNPHARMA,2013-03,982.0,0.97,1.76,HIGH QUALITY,21.34,Capital Intensive,20.53,Reinvestor
SUNPHARMA,2014-03,1783.0,1.02,1.76,HIGH QUALITY,13.53,Capital Intensive,25.46,Mixed
SUNPHARMA,2015-03,4114.0,1.03,1.76,HIGH QUALITY,5.48,Moderate,52.12,Shareholder Returns
SUNPHARMA,2016-03,2737.0,1.18,1.76,HIGH QUALITY,13.86,Capital Intensive,33.48,Shareholder Returns
SUNPHARMA,2017-03,2896.0,0.9,1.76,HIGH QUALITY,13.26,Capital Intensive,28.67,Reinvestor
SUNPHARMA,2018-03,803.0,1.54,1.76,HIGH QUALITY,11.72,Capital Intensive,14.26,Shareholder Returns
SUNPHARMA,2019-03,1886.0,0.68,1.76,HIGH QUALITY,1.07,Asset Light,29.58,Reinvestor
SUNPHARMA,2020-03,4330.0,1.57,1.76,HIGH QUALITY,6.78,Moderate,62.01,Shareholder Returns
SUNPHARMA,2021-03,6577.0,2.72,1.76,HIGH QUALITY,1.21,Asset Light,77.65,Liquidating Assets
SUNPHARMA,2022-03,3429.0,2.65,1.76,HIGH QUALITY,14.37,Capital Intensive,33.43,Shareholder Returns
SUNPHARMA,2023-03,-2261.0,0.58,1.76,HIGH QUALITY,16.45,Capital Intensive,-19.41,Mixed
SUNPHARMA,2024-03,11372.0,1.26,1.76,HIGH QUALITY,1.57,Asset Light,87.36,Shareholder Returns
TATACONSUM,2013-03,197.0,0.39,1.67,HIGH QUALITY,0.33,Asset Light,25.58,Cash Accumulator
TATACONSUM,2014-03,421.0,0.83,1.67,HIGH QUALITY,0.01,Asset Light,55.98,Reinvestor
TATACONSUM,2015-03,211.0,1.53,1.67,HIGH QUALITY,2.59,Asset Light,26.64,Shareholder Returns
TATACONSUM,2016-03,261.0,-3.14,1.67,HIGH QUALITY,2.18,Asset Light,71.31,Liquidating Assets
TATACONSUM,2017-03,886.0,1.63,1.67,HIGH QUALITY,2.14,Asset Light,112.01,Liquidating Assets
TATACONSUM,2018-03,325.0,0.64,1.67,HIGH QUALITY,0.45,Asset Light,38.74,Reinvestor
TATACONSUM,2019-03,263.0,0.46,1.67,HIGH QUALITY,0.73,Asset Light,33.46,Liquidating Assets
TATACONSUM,2020-03,460.0,2.35,1.67,HIGH QUALITY,6.45,Moderate,35.6,Shareholder Returns
TATACONSUM,2021-03,1310.0,1.78,1.67,HIGH QUALITY,2.98,Asset Light,84.84,Shareholder Returns
TATACONSUM,2022-03,199.0,1.49,1.67,HIGH QUALITY,10.6,Capital Intensive,11.58,Shareholder Returns
TATACONSUM,2023-03,627.0,1.11,1.67,HIGH QUALITY,6.05,Moderate,33.78,Shareholder Returns
TATACONSUM,2024-03,26.0,1.59,1.67,HIGH QUALITY,12.57,Capital Intensive,1.14,Mixed
TATAMOTORS,2013-03,-806.0,2.22,1.93,HIGH QUALITY,12.17,Capital Intensive,-3.28,Shareholder Returns
TATAMOTORS,2014-03,8160.0,2.57,1.93,HIGH QUALITY,12.02,Capital Intensive,23.41,Shareholder Returns
TATAMOTORS,2015-03,-701.0,2.52,1.93,HIGH QUALITY,13.77,Capital Intensive,-1.79,Mixed
TATAMOTORS,2016-03,1206.0,3.25,1.93,HIGH QUALITY,13.44,Capital Intensive,3.14,Shareholder Returns
TATAMOTORS,2017-03,-9372.0,4.0,1.93,HIGH QUALITY,14.67,Capital Intensive,-31.67,Mixed
TATAMOTORS,2018-03,-1282.0,2.62,1.93,HIGH QUALITY,8.62,Capital Intensive,-4.08,Mixed
TATAMOTORS,2019-03,-1987.0,-0.66,1.93,HIGH QUALITY,6.91,Moderate,-8.06,Mixed
TATAMOTORS,2020-03,-6482.0,-2.22,1.93,HIGH QUALITY,12.68,Capital Intensive,-36.04,Mixed
TATAMOTORS,2021-03,3329.0,-2.17,1.93,HIGH QUALITY,10.28,Capital Intensive,10.31,Mixed
TATAMOTORS,2022-03,9839.0,-1.26,1.93,HIGH QUALITY,1.6,Asset Light,39.8,Reinvestor
TATAMOTORS,2023-03,19971.0,13.16,1.93,HIGH QUALITY,4.46,Moderate,62.77,Shareholder Returns
TATAMOTORS,2024-03,45133.0,2.14,1.93,HIGH QUALITY,5.2,Moderate,75.81,Shareholder Returns
TATAPOWER,2013-03,-740.0,26.72,3.87,HIGH QUALITY,12.13,Capital Intensive,-13.23,Shareholder Returns
TATAPOWER,2014-03,2874.0,540.25,3.87,HIGH QUALITY,10.1,Capital Intensive,41.56,Shareholder Returns
TATAPOWER,2015-03,2116.0,13.09,3.87,HIGH QUALITY,11.51,Capital Intensive,33.58,Shareholder Returns
TATAPOWER,2016-03,5610.0,9.43,3.87,HIGH QUALITY,6.12,Moderate,266.51,Shareholder Returns
TATAPOWER,2017-03,-359.0,6.38,3.87,HIGH QUALITY,26.73,Capital Intensive,-6.56,Mixed
TATAPOWER,2018-03,4852.0,2.44,3.87,HIGH QUALITY,5.63,Moderate,211.42,Shareholder Returns
TATAPOWER,2019-03,4302.0,1.76,3.87,HIGH QUALITY,0.91,Asset Light,140.13,Shareholder Returns
TATAPOWER,2020-03,6882.0,5.6,3.87,HIGH QUALITY,1.69,Asset Light,101.13,Shareholder Returns
TATAPOWER,2021-03,9338.0,5.8,3.87,HIGH QUALITY,3.04,Moderate,134.92,Liquidating Assets
TATAPOWER,2022-03,443.0,3.1,3.87,HIGH QUALITY,14.6,Capital Intensive,6.3,Shareholder Returns
TATAPOWER,2023-03,-97.0,1.88,3.87,HIGH QUALITY,13.18,Capital Intensive,-1.26,Mixed
TATAPOWER,2024-03,3569.0,2.94,3.87,HIGH QUALITY,14.69,Capital Intensive,33.25,Shareholder Returns
TATASTEEL,2013-03,936.0,-1.93,4.44,HIGH QUALITY,9.72,Capital Intensive,23.61,Reinvestor
TATASTEEL,2014-03,-2232.0,3.59,4.44,HIGH QUALITY,10.35,Capital Intensive,-13.79,Mixed
TATASTEEL,2015-03,2859.0,-3.02,4.44,HIGH QUALITY,6.47,Moderate,83.87,Reinvestor
TATASTEEL,2016-03,2661.0,-23.05,4.44,HIGH QUALITY,8.62,Capital Intensive,-425.76,Reinvestor
TATASTEEL,2017-03,1334.0,-2.6,4.44,HIGH QUALITY,8.45,Capital Intensive,10.15,Reinvestor
TATASTEEL,2018-03,-3707.0,0.45,4.44,HIGH QUALITY,9.52,Capital Intensive,-17.3,Mixed
TATASTEEL,2019-03,-3840.0,2.78,4.44,HIGH QUALITY,18.5,Capital Intensive,-13.1,Shareholder Returns
TATASTEEL,2020-03,6157.0,17.18,4.44,HIGH QUALITY,10.02,Capital Intensive,35.26,Shareholder Returns
TATASTEEL,2021-03,34890.0,5.41,4.44,HIGH QUALITY,6.04,Moderate,114.38,Shareholder Returns
TATASTEEL,2022-03,33476.0,1.06,4.44,HIGH QUALITY,4.47,Moderate,52.73,Shareholder Returns
TATASTEEL,2023-03,3504.0,2.69,4.44,HIGH QUALITY,7.47,Moderate,10.85,Shareholder Returns
TATASTEEL,2024-03,6048.0,-4.13,4.44,HIGH QUALITY,6.22,Moderate,27.18,Reinvestor
TCS,2013-03,5577.0,0.83,1.04,HIGH QUALITY,9.59,Capital Intensive,30.91,Reinvestor
TCS,2014-03,5299.0,0.76,1.04,HIGH QUALITY,11.55,Capital Intensive,21.07,Reinvestor
TCS,2015-03,17562.0,0.97,1.04,HIGH QUALITY,1.91,Asset Light,71.73,Reinvestor
TCS,2016-03,14099.0,0.79,1.04,HIGH QUALITY,4.61,Moderate,45.96,Reinvestor
TCS,2017-03,8328.0,0.96,1.04,HIGH QUALITY,14.32,Capital Intensive,25.77,Reinvestor
TCS,2018-03,28171.0,0.97,1.04,HIGH QUALITY,2.52,Asset Light,86.64,Liquidating Assets
TCS,2019-03,30238.0,0.91,1.04,HIGH QUALITY,1.12,Asset Light,76.54,Liquidating Assets
TCS,2020-03,41337.0,1.0,1.04,HIGH QUALITY,5.71,Moderate,98.17,Liquidating Assets
TCS,2021-03,30846.0,1.19,1.04,HIGH QUALITY,4.85,Moderate,66.27,Shareholder Returns
TCS,2022-03,39211.0,1.04,1.04,HIGH QUALITY,0.38,Asset Light,73.9,Shareholder Returns
TCS,2023-03,42513.0,0.99,1.04,HIGH QUALITY,0.24,Asset Light,71.74,Liquidating Assets
TCS,2024-03,50429.0,0.96,1.04,HIGH QUALITY,2.53,Asset Light,78.43,Liquidating Assets
TECHM,2013-03,233.0,0.65,1.54,HIGH QUALITY,9.05,Capital Intensive,16.39,Mixed
TECHM,2014-03,1887.0,0.52,1.54,HIGH QUALITY,1.55,Asset Light,45.23,Liquidating Assets
TECHM,2015-03,583.0,0.92,1.54,HIGH QUALITY,8.24,Capital Intensive,13.9,Reinvestor
TECHM,2016-03,1684.0,1.04,1.54,HIGH QUALITY,5.48,Moderate,39.53,Shareholder Returns
TECHM,2017-03,1178.0,1.43,1.54,HIGH QUALITY,9.93,Capital Intensive,28.15,Shareholder Returns
TECHM,2018-03,235.0,0.94,1.54,HIGH QUALITY,10.79,Capital Intensive,4.99,Reinvestor
TECHM,2019-03,2328.0,1.03,1.54,HIGH QUALITY,6.06,Moderate,37.12,Shareholder Returns
TECHM,2020-03,5439.0,1.12,1.54,HIGH QUALITY,2.93,Asset Light,98.84,Liquidating Assets
TECHM,2021-03,2661.0,1.86,1.54,HIGH QUALITY,14.35,Capital Intensive,39.16,Shareholder Returns
TECHM,2022-03,5765.0,0.94,1.54,HIGH QUALITY,1.08,Asset Light,71.88,Liquidating Assets
TECHM,2023-03,5346.0,1.15,1.54,HIGH QUALITY,0.42,Asset Light,68.87,Shareholder Returns
TECHM,2024-03,5058.0,2.66,1.54,HIGH QUALITY,2.53,Asset Light,112.25,Shareholder Returns
TITAN,2013-03,411.0,0.76,0.92,MODERATE,1.4,Asset Light,40.53,Reinvestor
TITAN,2014-03,-826.0,-0.76,0.92,MODERATE,2.48,Asset Light,-78.89,Growth Funded by Debt
TITAN,2015-03,385.0,0.62,0.92,MODERATE,0.99,Asset Light,33.39,Reinvestor
TITAN,2016-03,417.0,0.85,0.92,MODERATE,1.41,Asset Light,44.41,Reinvestor
TITAN,2017-03,759.0,2.46,0.92,MODERATE,7.19,Moderate,65.21,Shareholder Returns
TITAN,2018-03,47.0,-0.05,0.92,MODERATE,0.61,Asset Light,2.86,Other
TITAN,2019-03,446.0,0.89,0.92,MODERATE,4.03,Moderate,22.37,Reinvestor
TITAN,2020-03,-113.0,-0.23,0.92,MODERATE,1.12,Asset Light,-4.59,Other
TITAN,2021-03,1340.0,4.25,0.92,MODERATE,12.93,Capital Intensive,77.68,Shareholder Returns
TITAN,2022-03,441.0,-0.33,0.92,MODERATE,4.05,Moderate,13.19,Other
TITAN,2023-03,-444.0,0.42,0.92,MODERATE,4.47,Moderate,-9.09,Mixed
TITAN,2024-03,1506.0,0.48,0.92,MODERATE,0.37,Asset Light,28.46,Reinvestor
TORNTPHARM,2013-03,-94.0,0.35,1.83,HIGH QUALITY,7.71,Moderate,-13.49,Mixed
TORNTPHARM,2014-03,181.0,0.9,1.83,HIGH QUALITY,10.02,Capital Intensive,18.95,Mixed
TORNTPHARM,2015-03,-1303.0,1.08,1.83,HIGH QUALITY,45.58,Capital Intensive,-127.75,Mixed
TORNTPHARM,2016-03,1873.0,1.58,1.83,HIGH QUALITY,13.0,Capital Intensive,68.53,Shareholder Returns
TORNTPHARM,2017-03,211.0,1.08,1.83,HIGH QUALITY,13.72,Capital Intensive,15.32,Shareholder Returns
TORNTPHARM,2018-03,-3783.0,1.32,1.83,HIGH QUALITY,78.61,Capital Intensive,-280.43,Mixed
TORNTPHARM,2019-03,1552.0,4.12,1.83,HIGH QUALITY,3.21,Moderate,78.27,Shareholder Returns
TORNTPHARM,2020-03,1622.0,1.36,1.83,HIGH QUALITY,2.88,Asset Light,74.75,Liquidating Assets
TORNTPHARM,2021-03,1561.0,1.6,1.83,HIGH QUALITY,5.55,Moderate,62.94,Shareholder Returns
TORNTPHARM,2022-03,1607.0,2.32,1.83,HIGH QUALITY,2.3,Asset Light,66.1,Shareholder Returns
TORNTPHARM,2023-03,33.0,1.9,1.83,HIGH QUALITY,24.27,Capital Intensive,1.16,Mixed
TORNTPHARM,2024-03,3106.0,1.97,1.83,HIGH QUALITY,1.49,Asset Light,92.22,Shareholder Returns
TRENT,2013-03,-245.0,-1.15,1.18,HIGH QUALITY,12.95,Capital Intensive,-4900.0,Mixed
TRENT,2014-03,-94.0,2.42,1.18,HIGH QUALITY,2.06,Asset Light,940.0,Pre-Revenue
TRENT,2015-03,-316.0,-0.08,1.18,HIGH QUALITY,13.4,Capital Intensive,-359.09,Growth Funded by Debt
TRENT,2016-03,11.0,1.98,1.18,HIGH QUALITY,5.81,Moderate,12.22,Shareholder Returns
TRENT,2017-03,58.0,1.2,1.18,HIGH QUALITY,2.43,Asset Light,43.28,Shareholder Returns
TRENT,2018-03,73.0,0.89,1.18,HIGH QUALITY,0.19,Asset Light,35.1,Reinvestor
TRENT,2019-03,-16.0,0.22,1.18,HIGH QUALITY,1.41,Asset Light,-6.64,Mixed
TRENT,2020-03,-448.0,3.41,1.18,HIGH QUALITY,23.21,Capital Intensive,-84.69,Mixed
TRENT,2021-03,303.0,-1.57,1.18,HIGH QUALITY,0.69,Asset Light,265.79,Liquidating Assets
TRENT,2022-03,114.0,1.66,1.18,HIGH QUALITY,1.24,Asset Light,19.16,Liquidating Assets
TRENT,2023-03,492.0,1.51,1.18,HIGH QUALITY,1.25,Asset Light,44.17,Shareholder Returns
TRENT,2024-03,841.0,0.91,1.18,HIGH QUALITY,4.11,Moderate,42.67,Reinvestor
TVSMOTOR,2013-03,344.0,2.34,-0.75,ACCRUAL RISK,1.6,Asset Light,78.54,Shareholder Returns
TVSMOTOR,2014-03,235.0,2.51,-0.75,ACCRUAL RISK,2.8,Asset Light,47.76,Shareholder Returns
TVSMOTOR,2015-03,-332.0,0.25,-0.75,ACCRUAL RISK,4.05,Moderate,-54.88,Mixed
TVSMOTOR,2016-03,331.0,2.18,-0.75,ACCRUAL RISK,5.32,Moderate,40.42,Shareholder Returns
TVSMOTOR,2017-03,-20.0,1.35,-0.75,ACCRUAL RISK,5.69,Moderate,-2.3,Shareholder Returns
TVSMOTOR,2018-03,-741.0,0.53,-0.75,ACCRUAL RISK,6.7,Moderate,-47.17,Mixed
TVSMOTOR,2019-03,-2022.0,-1.27,-0.75,ACCRUAL RISK,5.48,Moderate,-93.48,Growth Funded by Debt
TVSMOTOR,2020-03,-717.0,0.58,-0.75,ACCRUAL RISK,5.78,Moderate,-31.67,Mixed
TVSMOTOR,2021-03,269.0,1.89,-0.75,ACCRUAL RISK,4.54,Moderate,12.05,Mixed
TVSMOTOR,2022-03,-3046.0,-2.15,-0.75,ACCRUAL RISK,6.04,Moderate,-110.56,Growth Funded by Debt
TVSMOTOR,2023-03,-5713.0,-3.37,-0.75,ACCRUAL RISK,4.09,Moderate,-141.87,Growth Funded by Debt
TVSMOTOR,2024-03,-2254.0,-0.7,-0.75,ACCRUAL RISK,2.56,Asset Light,-40.98,Growth Funded by Debt
